priority_rank,cik,ticker,company,exchange,market_cap_usd,sector,country,ooglex_company_rank,market_data_as_of,priority_method,filer_category,last_annual,sec_identity_source,market_priority_source
1,0001045810,NVDA,Nvidia,NASDAQ,5666500000000,科技,US,1,2026-10-04,market_cap,,,https://www.sec.gov/files/company_tickers_exchange.json,apps/companies/data.json
2,0000320193,AAPL,Apple Inc.,NASDAQ,4901000000000,科技,US,2,2026-10-04,market_cap,,,https://www.sec.gov/files/company_tickers_exchange.json,apps/companies/data.json
3,0001652044,GOOGL,Alphabet Inc. (Class A),NASDAQ,4154600000000,通信服务,US,3,2026-10-04,market_cap,,,https://www.sec.gov/files/company_tickers_exchange.json,apps/companies/data.json
4,0000789019,MSFT,Microsoft,NASDAQ,3844400000000,科技,US,4,2026-10-04,market_cap,,,https://www.sec.gov/files/company_tickers_exchange.json,apps/companies/data.json
5,0001018724,AMZN,Amazon,NASDAQ,2705600000000,可选消费,US,5,2026-10-04,market_cap,,,https://www.sec.gov/files/company_tickers_exchange.json,apps/companies/data.json
6,0001181412,SPCX,SpaceX,NASDAQ,2093500000000,工业,US,7,2026-10-04,market_cap,,,https://www.sec.gov/files/company_tickers_exchange.json,apps/companies/data.json
7,0001326801,META,Meta Platforms,NASDAQ,1848200000000,通信服务,US,8,2026-10-04,market_cap,,,https://www.sec.gov/files/company_tickers_exchange.json,apps/companies/data.json
8,0001730168,AVGO,Broadcom,NASDAQ,1689600000000,科技,US,9,2026-10-04,market_cap,,,https://www.sec.gov/files/company_tickers_exchange.json,apps/companies/data.json
9,0001318605,TSLA,"Tesla, Inc.",NASDAQ,1391800000000,可选消费,US,11,2026-10-04,market_cap,,,https://www.sec.gov/files/company_tickers_exchange.json,apps/companies/data.json
10,0000723125,MU,Micron Technology,NASDAQ,1214000000000,科技,US,13,2026-10-04,market_cap,,,https://www.sec.gov/files/company_tickers_exchange.json,apps/companies/data.json
11,0001067983,BRK-B,Berkshire Hathaway,NYSE,1084100000000,金融,US,14,2026-10-04,market_cap,,,https://www.sec.gov/files/company_tickers_exchange.json,apps/companies/data.json
12,0000059478,LLY,Lilly (Eli),NYSE,1076300000000,医疗健康,US,15,2026-10-04,market_cap,,,https://www.sec.gov/files/company_tickers_exchange.json,apps/companies/data.json
13,0000002488,AMD,Advanced Micro Devices,NASDAQ,1033700000000,科技,US,16,2026-10-04,market_cap,,,https://www.sec.gov/files/company_tickers_exchange.json,apps/companies/data.json
14,0000019617,JPM,JPMorgan Chase,NYSE,890600000000,金融,US,17,2026-10-04,market_cap,,,https://www.sec.gov/files/company_tickers_exchange.json,apps/companies/data.json
15,0000104169,WMT,Walmart,NASDAQ,829700000000,必需消费,US,18,2026-10-04,market_cap,,,https://www.sec.gov/files/company_tickers_exchange.json,apps/companies/data.json
16,0001403161,V,Visa Inc.,NYSE,691300000000,金融,US,20,2026-10-04,market_cap,,,https://www.sec.gov/files/company_tickers_exchange.json,apps/companies/data.json
17,0002115436,XOM,ExxonMobil,NYSE,679800000000,能源,US,21,2026-10-04,market_cap,,,https://www.sec.gov/files/company_tickers_exchange.json,apps/companies/data.json
18,0000200406,JNJ,Johnson & Johnson,NYSE,616300000000,医疗健康,US,22,2026-10-04,market_cap,,,https://www.sec.gov/files/company_tickers_exchange.json,apps/companies/data.json
19,0000050863,INTC,Intel,NASDAQ,599800000000,科技,US,23,2026-10-04,market_cap,,,https://www.sec.gov/files/company_tickers_exchange.json,apps/companies/data.json
20,0001141391,MA,Mastercard,NYSE,488000000000,金融,US,24,2026-10-04,market_cap,,,https://www.sec.gov/files/company_tickers_exchange.json,apps/companies/data.json
21,0001551152,ABBV,AbbVie,NYSE,464300000000,医疗健康,US,26,2026-10-04,market_cap,,,https://www.sec.gov/files/company_tickers_exchange.json,apps/companies/data.json
22,0000858877,CSCO,Cisco,NASDAQ,442200000000,科技,US,27,2026-10-04,market_cap,,,https://www.sec.gov/files/company_tickers_exchange.json,apps/companies/data.json
23,0000707549,LRCX,Lam Research,NASDAQ,434600000000,科技,US,28,2026-10-04,market_cap,,,https://www.sec.gov/files/company_tickers_exchange.json,apps/companies/data.json
24,0001321655,PLTR,Palantir Technologies,NASDAQ,433400000000,科技,US,29,2026-10-04,market_cap,,,https://www.sec.gov/files/company_tickers_exchange.json,apps/companies/data.json
25,0000006951,AMAT,Applied Materials,NASDAQ,428800000000,科技,US,30,2026-10-04,market_cap,,,https://www.sec.gov/files/company_tickers_exchange.json,apps/companies/data.json
26,0000093410,CVX,Chevron Corporation,NYSE,411600000000,能源,US,31,2026-10-04,market_cap,,,https://www.sec.gov/files/company_tickers_exchange.json,apps/companies/data.json
27,0001341439,ORCL,Oracle Corporation,NYSE,409900000000,科技,US,32,2026-10-04,market_cap,,,https://www.sec.gov/files/company_tickers_exchange.json,apps/companies/data.json
28,0000909832,COST,Costco,NASDAQ,408300000000,必需消费,US,33,2026-10-04,market_cap,,,https://www.sec.gov/files/company_tickers_exchange.json,apps/companies/data.json
29,0000018230,CAT,Caterpillar Inc.,NYSE,389400000000,工业,US,34,2026-10-04,market_cap,,,https://www.sec.gov/files/company_tickers_exchange.json,apps/companies/data.json
30,0000070858,BAC,Bank of America,NYSE,381400000000,金融,US,35,2026-10-04,market_cap,,,https://www.sec.gov/files/company_tickers_exchange.json,apps/companies/data.json
31,0001571996,DELL,Dell Technologies,NYSE,373700000000,科技,US,36,2026-10-04,market_cap,,,https://www.sec.gov/files/company_tickers_exchange.json,apps/companies/data.json
32,0000021344,KO,Coca-Cola Company (The),NYSE,368500000000,必需消费,US,37,2026-10-04,market_cap,,,https://www.sec.gov/files/company_tickers_exchange.json,apps/companies/data.json
33,0000310158,MRK,Merck & Co.,NYSE,356400000000,医疗健康,US,38,2026-10-04,market_cap,,,https://www.sec.gov/files/company_tickers_exchange.json,apps/companies/data.json
34,0000731766,UNH,UnitedHealth Group,NYSE,337700000000,医疗健康,US,39,2026-10-04,market_cap,,,https://www.sec.gov/files/company_tickers_exchange.json,apps/companies/data.json
35,0000080424,PG,Procter & Gamble,NYSE,337400000000,必需消费,US,40,2026-10-04,market_cap,,,https://www.sec.gov/files/company_tickers_exchange.json,apps/companies/data.json
36,0000040545,GE,GE Aerospace,NYSE,323400000000,工业,US,44,2026-10-04,market_cap,,,https://www.sec.gov/files/company_tickers_exchange.json,apps/companies/data.json
37,0000895421,MS,Morgan Stanley,NYSE,300200000000,金融,US,45,2026-10-04,market_cap,,,https://www.sec.gov/files/company_tickers_exchange.json,apps/companies/data.json
38,0001413329,PM,Philip Morris International,NYSE,292200000000,必需消费,US,46,2026-10-04,market_cap,,,https://www.sec.gov/files/company_tickers_exchange.json,apps/companies/data.json
39,0001065280,NFLX,Netflix,NASDAQ,282400000000,通信服务,US,47,2026-10-04,market_cap,,,https://www.sec.gov/files/company_tickers_exchange.json,apps/companies/data.json
40,0000354950,HD,Home Depot (The),NYSE,282000000000,可选消费,US,48,2026-10-04,market_cap,,,https://www.sec.gov/files/company_tickers_exchange.json,apps/companies/data.json
41,0001327567,PANW,Palo Alto Networks,NASDAQ,274800000000,科技,US,49,2026-10-04,market_cap,,,https://www.sec.gov/files/company_tickers_exchange.json,apps/companies/data.json
42,0000319201,KLAC,KLA Corporation,NASDAQ,270300000000,科技,US,51,2026-10-04,market_cap,,,https://www.sec.gov/files/company_tickers_exchange.json,apps/companies/data.json
43,0000097476,TXN,Texas Instruments,NASDAQ,267400000000,科技,US,54,2026-10-04,market_cap,,,https://www.sec.gov/files/company_tickers_exchange.json,apps/companies/data.json
44,0000886982,GS,Goldman Sachs,NYSE,266300000000,金融,US,55,2026-10-04,market_cap,,,https://www.sec.gov/files/company_tickers_exchange.json,apps/companies/data.json
45,0001996810,GEV,GE Vernova,NYSE,265700000000,公用事业,US,56,2026-10-04,market_cap,,,https://www.sec.gov/files/company_tickers_exchange.json,apps/companies/data.json
46,0001596532,ANET,Arista Networks,NYSE,261100000000,科技,US,57,2026-10-04,market_cap,,,https://www.sec.gov/files/company_tickers_exchange.json,apps/companies/data.json
47,0002023554,SNDK,Sandisk Corporation,NASDAQ,254700000000,科技,US,59,2026-10-04,market_cap,,,https://www.sec.gov/files/company_tickers_exchange.json,apps/companies/data.json
48,0000101829,RTX,RTX Corporation,NYSE,248700000000,工业,US,61,2026-10-04,market_cap,,,https://www.sec.gov/files/company_tickers_exchange.json,apps/companies/data.json
49,0000072971,WFC,Wells Fargo,NYSE,246200000000,金融,US,62,2026-10-04,market_cap,,,https://www.sec.gov/files/company_tickers_exchange.json,apps/companies/data.json
50,0000097745,TMO,Thermo Fisher Scientific,NYSE,243300000000,医疗健康,US,63,2026-10-04,market_cap,,,https://www.sec.gov/files/company_tickers_exchange.json,apps/companies/data.json
51,0001835632,MRVL,"Marvell Technology, Inc.",NASDAQ,238200000000,科技,US,67,2026-10-04,market_cap,,,https://www.sec.gov/files/company_tickers_exchange.json,apps/companies/data.json
52,0000831001,C,Citigroup,NYSE,219200000000,金融,US,70,2026-10-04,market_cap,,,https://www.sec.gov/files/company_tickers_exchange.json,apps/companies/data.json
53,0000318154,AMGN,Amgen,NASDAQ,217500000000,医疗健康,US,72,2026-10-04,market_cap,,,https://www.sec.gov/files/company_tickers_exchange.json,apps/companies/data.json
54,0000051143,IBM,IBM,NYSE,209300000000,科技,US,75,2026-10-04,market_cap,,,https://www.sec.gov/files/company_tickers_exchange.json,apps/companies/data.json
55,0000004962,AXP,American Express,NYSE,206600000000,金融,US,76,2026-10-04,market_cap,,,https://www.sec.gov/files/company_tickers_exchange.json,apps/companies/data.json
56,0000006281,ADI,Analog Devices,NASDAQ,203200000000,科技,US,77,2026-10-04,market_cap,,,https://www.sec.gov/files/company_tickers_exchange.json,apps/companies/data.json
57,0000804328,QCOM,Qualcomm,NASDAQ,194900000000,科技,US,81,2026-10-04,market_cap,,,https://www.sec.gov/files/company_tickers_exchange.json,apps/companies/data.json
58,0001108524,CRM,Salesforce,NYSE,192200000000,科技,US,82,2026-10-04,market_cap,,,https://www.sec.gov/files/company_tickers_exchange.json,apps/companies/data.json
59,0000732712,VZ,Verizon,NYSE,191700000000,通信服务,US,83,2026-10-04,market_cap,,,https://www.sec.gov/files/company_tickers_exchange.json,apps/companies/data.json
60,0000315189,DE,Deere & Company,NYSE,185400000000,工业,US,86,2026-10-04,market_cap,,,https://www.sec.gov/files/company_tickers_exchange.json,apps/companies/data.json
61,0000882095,GILD,Gilead Sciences,NASDAQ,179700000000,医疗健康,US,88,2026-10-04,market_cap,,,https://www.sec.gov/files/company_tickers_exchange.json,apps/companies/data.json
62,0001744489,DIS,Walt Disney Company (The),NYSE,177500000000,通信服务,US,89,2026-10-04,market_cap,,,https://www.sec.gov/files/company_tickers_exchange.json,apps/companies/data.json
63,0001283699,TMUS,T-Mobile US,NASDAQ,177100000000,通信服务,US,90,2026-10-04,market_cap,,,https://www.sec.gov/files/company_tickers_exchange.json,apps/companies/data.json
64,0000077476,PEP,PepsiCo,NASDAQ,172100000000,必需消费,US,91,2026-10-04,market_cap,,,https://www.sec.gov/files/company_tickers_exchange.json,apps/companies/data.json
65,0000001800,ABT,Abbott Laboratories,NYSE,169800000000,医疗健康,US,92,2026-10-04,market_cap,,,https://www.sec.gov/files/company_tickers_exchange.json,apps/companies/data.json
66,0000732717,T,AT&T,NYSE,168800000000,通信服务,US,94,2026-10-04,market_cap,,,https://www.sec.gov/files/company_tickers_exchange.json,apps/companies/data.json
67,0000316709,SCHW,Charles Schwab Corporation,NYSE,168200000000,金融,US,95,2026-10-04,market_cap,,,https://www.sec.gov/files/company_tickers_exchange.json,apps/companies/data.json
68,0000100885,UNP,Union Pacific Corporation,NYSE,165200000000,工业,US,97,2026-10-04,market_cap,,,https://www.sec.gov/files/company_tickers_exchange.json,apps/companies/data.json
69,0000063908,MCD,McDonald's,NYSE,164800000000,可选消费,US,98,2026-10-04,market_cap,,,https://www.sec.gov/files/company_tickers_exchange.json,apps/companies/data.json
70,0002012383,BLK,BlackRock,NYSE,164500000000,金融,US,99,2026-10-04,market_cap,,,https://www.sec.gov/files/company_tickers_exchange.json,apps/companies/data.json
71,0000766704,WELL,Welltower,NYSE,160700000000,房地产,US,100,2026-10-04,market_cap,,,https://www.sec.gov/files/company_tickers_exchange.json,apps/companies/data.json
72,0000753308,NEE,NextEra Energy,NYSE,160200000000,公用事业,US,101,2026-10-04,market_cap,,,https://www.sec.gov/files/company_tickers_exchange.json,apps/companies/data.json
73,0000078003,PFE,Pfizer,NYSE,158400000000,医疗健康,US,102,2026-10-04,market_cap,,,https://www.sec.gov/files/company_tickers_exchange.json,apps/companies/data.json
74,0001163165,COP,ConocoPhillips,NYSE,154400000000,能源,US,104,2026-10-04,market_cap,,,https://www.sec.gov/files/company_tickers_exchange.json,apps/companies/data.json
75,0000012927,BA,Boeing,NYSE,152600000000,工业,US,106,2026-10-04,market_cap,,,https://www.sec.gov/files/company_tickers_exchange.json,apps/companies/data.json
76,0001381197,IBKR,Interactive Brokers Group,NASDAQ,151900000000,金融,US,107,2026-10-04,market_cap,,,https://www.sec.gov/files/company_tickers_exchange.json,apps/companies/data.json
77,0000313616,DHR,Danaher Corporation,NYSE,151500000000,医疗健康,US,108,2026-10-04,market_cap,,,https://www.sec.gov/files/company_tickers_exchange.json,apps/companies/data.json
78,0000109198,TJX,TJX Companies,NYSE,146600000000,可选消费,US,110,2026-10-04,market_cap,,,https://www.sec.gov/files/company_tickers_exchange.json,apps/companies/data.json
79,0000106040,WDC,Western Digital,NASDAQ,143100000000,科技,US,111,2026-10-04,market_cap,,,https://www.sec.gov/files/company_tickers_exchange.json,apps/companies/data.json
80,0000024741,GLW,Corning Inc.,NYSE,141300000000,科技,US,113,2026-10-04,market_cap,,,https://www.sec.gov/files/company_tickers_exchange.json,apps/companies/data.json
81,0001035267,ISRG,Intuitive Surgical,NASDAQ,138800000000,医疗健康,US,115,2026-10-04,market_cap,,,https://www.sec.gov/files/company_tickers_exchange.json,apps/companies/data.json
82,0001543151,UBER,Uber,NYSE,138600000000,科技,US,116,2026-10-04,market_cap,,,https://www.sec.gov/files/company_tickers_exchange.json,apps/companies/data.json
83,0001373715,NOW,ServiceNow,NYSE,138600000000,科技,US,117,2026-10-04,market_cap,,,https://www.sec.gov/files/company_tickers_exchange.json,apps/companies/data.json
84,0000773840,HON,Honeywell,NASDAQ,135600000000,工业,US,118,2026-10-04,market_cap,,,https://www.sec.gov/files/company_tickers_exchange.json,apps/companies/data.json
85,0001393818,BX,Blackstone Inc.,NYSE,134200000000,金融,US,119,2026-10-04,market_cap,,,https://www.sec.gov/files/company_tickers_exchange.json,apps/companies/data.json
86,0001262039,FTNT,Fortinet,NASDAQ,132600000000,科技,US,121,2026-10-04,market_cap,,,https://www.sec.gov/files/company_tickers_exchange.json,apps/companies/data.json
87,0000875320,VRTX,Vertex Pharmaceuticals,NASDAQ,128100000000,医疗健康,US,124,2026-10-04,market_cap,,,https://www.sec.gov/files/company_tickers_exchange.json,apps/companies/data.json
88,0000014272,BMY,Bristol Myers Squibb,NYSE,124900000000,医疗健康,US,125,2026-10-04,market_cap,,,https://www.sec.gov/files/company_tickers_exchange.json,apps/companies/data.json
89,0001164727,NEM,Newmont,NYSE,123400000000,原材料,US,126,2026-10-04,market_cap,,,https://www.sec.gov/files/company_tickers_exchange.json,apps/companies/data.json
90,0001510295,MPC,Marathon Petroleum,NYSE,123300000000,能源,US,127,2026-10-04,market_cap,,,https://www.sec.gov/files/company_tickers_exchange.json,apps/companies/data.json
91,0001075531,BKNG,Booking Holdings,NASDAQ,123200000000,可选消费,US,128,2026-10-04,market_cap,,,https://www.sec.gov/files/company_tickers_exchange.json,apps/companies/data.json
92,0000080661,PGR,Progressive Corporation,NYSE,122900000000,金融,US,129,2026-10-04,market_cap,,,https://www.sec.gov/files/company_tickers_exchange.json,apps/companies/data.json
93,0000076334,PH,Parker Hannifin,NYSE,122600000000,工业,US,130,2026-10-04,market_cap,,,https://www.sec.gov/files/company_tickers_exchange.json,apps/companies/data.json
94,0001035002,VLO,Valero Energy,NYSE,120600000000,能源,US,132,2026-10-04,market_cap,,,https://www.sec.gov/files/company_tickers_exchange.json,apps/companies/data.json
95,0001045609,PLD,Prologis,NYSE,120200000000,房地产,US,133,2026-10-04,market_cap,,,https://www.sec.gov/files/company_tickers_exchange.json,apps/companies/data.json
96,0000927628,COF,Capital One,NYSE,120000000000,金融,US,134,2026-10-04,market_cap,,,https://www.sec.gov/files/company_tickers_exchange.json,apps/companies/data.json
97,0000936468,LMT,Lockheed Martin,NYSE,116500000000,工业,US,136,2026-10-04,market_cap,,,https://www.sec.gov/files/company_tickers_exchange.json,apps/companies/data.json
98,0000064040,SPGI,S&P Global,NYSE,114300000000,金融,US,138,2026-10-04,market_cap,,,https://www.sec.gov/files/company_tickers_exchange.json,apps/companies/data.json
99,0000764180,MO,Altria,NYSE,112500000000,必需消费,US,140,2026-10-04,market_cap,,,https://www.sec.gov/files/company_tickers_exchange.json,apps/companies/data.json
100,0000064803,CVS,CVS Health,NYSE,110300000000,医疗健康,US,142,2026-10-04,market_cap,,,https://www.sec.gov/files/company_tickers_exchange.json,apps/companies/data.json
101,0000829224,SBUX,Starbucks,NASDAQ,107900000000,可选消费,US,143,2026-10-04,market_cap,,,https://www.sec.gov/files/company_tickers_exchange.json,apps/companies/data.json
102,0000820313,APH,Amphenol,NYSE,107000000000,科技,US,145,2026-10-04,market_cap,,,https://www.sec.gov/files/company_tickers_exchange.json,apps/companies/data.json
103,0001534701,PSX,Phillips 66,NYSE,106100000000,能源,US,146,2026-10-04,market_cap,,,https://www.sec.gov/files/company_tickers_exchange.json,apps/companies/data.json
104,0000310764,SYK,Stryker Corporation,NYSE,105600000000,医疗健康,US,147,2026-10-04,market_cap,,,https://www.sec.gov/files/company_tickers_exchange.json,apps/companies/data.json
105,0000927653,MCK,McKesson Corporation,NYSE,105600000000,医疗健康,US,148,2026-10-04,market_cap,,,https://www.sec.gov/files/company_tickers_exchange.json,apps/companies/data.json
106,0000831259,FCX,Freeport-McMoRan,NYSE,103600000000,原材料,US,149,2026-10-04,market_cap,,,https://www.sec.gov/files/company_tickers_exchange.json,apps/companies/data.json
107,0000008670,ADP,Automatic Data Processing,NASDAQ,103000000000,工业,US,150,2026-10-04,market_cap,,,https://www.sec.gov/files/company_tickers_exchange.json,apps/companies/data.json
108,0001783879,HOOD,"Robinhood Markets, Inc.",NASDAQ,101500000000,金融,US,152,2026-10-04,market_cap,,,https://www.sec.gov/files/company_tickers_exchange.json,apps/companies/data.json
109,0001050915,PWR,Quanta Services,NYSE,101500000000,工业,US,153,2026-10-04,market_cap,,,https://www.sec.gov/files/company_tickers_exchange.json,apps/companies/data.json
110,0000060667,LOW,Lowe's,NYSE,101400000000,可选消费,US,154,2026-10-04,market_cap,,,https://www.sec.gov/files/company_tickers_exchange.json,apps/companies/data.json
111,0001101239,EQIX,Equinix,NASDAQ,101200000000,房地产,US,155,2026-10-04,market_cap,,,https://www.sec.gov/files/company_tickers_exchange.json,apps/companies/data.json
112,0001390777,BNY,Bank of New York Mellon Corp,NYSE,99800000000,金融,US,158,2026-10-04,market_cap,,,https://www.sec.gov/files/company_tickers_exchange.json,apps/companies/data.json
113,0001561550,DDOG,Datadog,NASDAQ,98700000000,科技,US,159,2026-10-04,market_cap,,,https://www.sec.gov/files/company_tickers_exchange.json,apps/companies/data.json
114,0001674101,VRT,Vertiv Holdings Co,NYSE,96900000000,工业,US,163,2026-10-04,market_cap,,,https://www.sec.gov/files/company_tickers_exchange.json,apps/companies/data.json
115,0000813672,CDNS,Cadence Design Systems,NASDAQ,96900000000,科技,US,164,2026-10-04,market_cap,,,https://www.sec.gov/files/company_tickers_exchange.json,apps/companies/data.json
116,0001559720,ABNB,Airbnb,NASDAQ,96400000000,可选消费,US,165,2026-10-04,market_cap,,,https://www.sec.gov/files/company_tickers_exchange.json,apps/companies/data.json
117,0001156375,CME,CME Group,NASDAQ,95400000000,金融,US,167,2026-10-04,market_cap,,,https://www.sec.gov/files/company_tickers_exchange.json,apps/companies/data.json
118,0000860730,HCA,HCA Healthcare,NYSE,94700000000,医疗健康,US,169,2026-10-04,market_cap,,,https://www.sec.gov/files/company_tickers_exchange.json,apps/companies/data.json
119,0001048286,MAR,Marriott International,NASDAQ,94700000000,可选消费,US,170,2026-10-04,market_cap,,,https://www.sec.gov/files/company_tickers_exchange.json,apps/companies/data.json
120,0000796343,ADBE,Adobe Inc.,NASDAQ,94500000000,科技,US,171,2026-10-04,market_cap,,,https://www.sec.gov/files/company_tickers_exchange.json,apps/companies/data.json
121,0000092122,SO,Southern Company,NYSE,94400000000,公用事业,US,172,2026-10-04,market_cap,,,https://www.sec.gov/files/company_tickers_exchange.json,apps/companies/data.json
122,0000883241,SNPS,Synopsys,NASDAQ,93800000000,科技,US,174,2026-10-04,market_cap,,,https://www.sec.gov/files/company_tickers_exchange.json,apps/companies/data.json
123,0001868275,CEG,Constellation Energy,NASDAQ,92500000000,公用事业,US,175,2026-10-04,market_cap,,,https://www.sec.gov/files/company_tickers_exchange.json,apps/companies/data.json
124,0000004281,HWM,Howmet Aerospace,NYSE,92500000000,工业,US,176,2026-10-04,market_cap,,,https://www.sec.gov/files/company_tickers_exchange.json,apps/companies/data.json
125,0001645590,HPE,Hewlett Packard Enterprise,NYSE,91800000000,科技,US,177,2026-10-04,market_cap,,,https://www.sec.gov/files/company_tickers_exchange.json,apps/companies/data.json
126,0000032604,EMR,Emerson Electric,NYSE,90500000000,工业,US,178,2026-10-04,market_cap,,,https://www.sec.gov/files/company_tickers_exchange.json,apps/companies/data.json
127,0001751008,APP,AppLovin Corporation,NASDAQ,90100000000,科技,US,179,2026-10-04,market_cap,,,https://www.sec.gov/files/company_tickers_exchange.json,apps/companies/data.json
128,0000036104,USB,U.S. Bancorp,NYSE,89300000000,金融,US,180,2026-10-04,market_cap,,,https://www.sec.gov/files/company_tickers_exchange.json,apps/companies/data.json
129,0000040533,GD,General Dynamics,NYSE,89300000000,工业,US,181,2026-10-04,market_cap,,,https://www.sec.gov/files/company_tickers_exchange.json,apps/companies/data.json
130,0001326160,DUK,Duke Energy,NYSE,89000000000,公用事业,US,182,2026-10-04,market_cap,,,https://www.sec.gov/files/company_tickers_exchange.json,apps/companies/data.json
131,0000713676,PNC,PNC Financial Services,NYSE,88800000000,金融,US,183,2026-10-04,market_cap,,,https://www.sec.gov/files/company_tickers_exchange.json,apps/companies/data.json
132,0000277948,CSX,CSX Corporation,NASDAQ,88100000000,工业,US,184,2026-10-04,market_cap,,,https://www.sec.gov/files/company_tickers_exchange.json,apps/companies/data.json
133,0000107263,WMB,Williams Companies,NYSE,86300000000,能源,US,185,2026-10-04,market_cap,,,https://www.sec.gov/files/company_tickers_exchange.json,apps/companies/data.json
134,0001571949,ICE,Intercontinental Exchange,NYSE,84900000000,金融,US,186,2026-10-04,market_cap,,,https://www.sec.gov/files/company_tickers_exchange.json,apps/companies/data.json
135,0001633978,LITE,Lumentum Holdings Inc.,NASDAQ,84400000000,科技,US,187,2026-10-04,market_cap,,,https://www.sec.gov/files/company_tickers_exchange.json,apps/companies/data.json
136,0000066740,MMM,3M,NYSE,84400000000,工业,US,188,2026-10-04,market_cap,,,https://www.sec.gov/files/company_tickers_exchange.json,apps/companies/data.json
137,0001156039,ELV,Elevance Health,NYSE,83900000000,医疗健康,US,189,2026-10-04,market_cap,,,https://www.sec.gov/files/company_tickers_exchange.json,apps/companies/data.json
138,0001792789,DASH,DoorDash,NASDAQ,82400000000,通信服务,US,190,2026-10-04,market_cap,,,https://www.sec.gov/files/company_tickers_exchange.json,apps/companies/data.json
139,0000823768,WM,Waste Management,NYSE,82100000000,工业,US,191,2026-10-04,market_cap,,,https://www.sec.gov/files/company_tickers_exchange.json,apps/companies/data.json
140,0000062709,MRSH,"Marsh & McLennan Companies, Inc.",NYSE,81900000000,金融,US,192,2026-10-04,market_cap,,,https://www.sec.gov/files/company_tickers_exchange.json,apps/companies/data.json
141,0001404912,KKR,KKR,NYSE,81100000000,金融,US,193,2026-10-04,market_cap,,,https://www.sec.gov/files/company_tickers_exchange.json,apps/companies/data.json
142,0001090727,UPS,United Parcel Service,NYSE,79100000000,工业,US,197,2026-10-04,market_cap,,,https://www.sec.gov/files/company_tickers_exchange.json,apps/companies/data.json
143,0000089800,SHW,Sherwin-Williams,NYSE,78800000000,原材料,US,198,2026-10-04,market_cap,,,https://www.sec.gov/files/company_tickers_exchange.json,apps/companies/data.json
144,0001437107,WBD,Warner Bros. Discovery,NASDAQ,77600000000,通信服务,US,199,2026-10-04,market_cap,,,https://www.sec.gov/files/company_tickers_exchange.json,apps/companies/data.json
145,0000723254,CTAS,Cintas,NASDAQ,77200000000,工业,US,200,2026-10-04,market_cap,,,https://www.sec.gov/files/company_tickers_exchange.json,apps/companies/data.json
146,0001166691,CMCSA,Comcast,NASDAQ,77100000000,通信服务,US,201,2026-10-04,market_cap,,,https://www.sec.gov/files/company_tickers_exchange.json,apps/companies/data.json
147,0001059556,MCO,Moody's Corporation,NYSE,77100000000,金融,US,202,2026-10-04,market_cap,,,https://www.sec.gov/files/company_tickers_exchange.json,apps/companies/data.json
148,0000031462,ECL,Ecolab,NYSE,77000000000,原材料,US,203,2026-10-04,market_cap,,,https://www.sec.gov/files/company_tickers_exchange.json,apps/companies/data.json
149,0000896878,INTU,Intuit,NASDAQ,76900000000,科技,US,204,2026-10-04,market_cap,,,https://www.sec.gov/files/company_tickers_exchange.json,apps/companies/data.json
150,0000086312,TRV,Travelers Companies (The),NYSE,76600000000,金融,US,205,2026-10-04,market_cap,,,https://www.sec.gov/files/company_tickers_exchange.json,apps/companies/data.json
151,0000872589,REGN,Regeneron Pharmaceuticals,NASDAQ,75700000000,医疗健康,US,207,2026-10-04,market_cap,,,https://www.sec.gov/files/company_tickers_exchange.json,apps/companies/data.json
152,0001053507,AMT,American Tower,NYSE,75600000000,房地产,US,208,2026-10-04,market_cap,,,https://www.sec.gov/files/company_tickers_exchange.json,apps/companies/data.json
153,0000049826,ITW,Illinois Tool Works,NYSE,75600000000,工业,US,209,2026-10-04,market_cap,,,https://www.sec.gov/files/company_tickers_exchange.json,apps/companies/data.json
154,0001682852,MRNA,Moderna,NASDAQ,75400000000,医疗健康,US,210,2026-10-04,market_cap,,,https://www.sec.gov/files/company_tickers_exchange.json,apps/companies/data.json
155,0000821189,EOG,EOG Resources,NYSE,75300000000,能源,US,211,2026-10-04,market_cap,,,https://www.sec.gov/files/company_tickers_exchange.json,apps/companies/data.json
156,0001103982,MDLZ,Mondelez International,NASDAQ,74700000000,必需消费,US,213,2026-10-04,market_cap,,,https://www.sec.gov/files/company_tickers_exchange.json,apps/companies/data.json
157,0000884887,RCL,Royal Caribbean Group,NYSE,74500000000,可选消费,US,214,2026-10-04,market_cap,,,https://www.sec.gov/files/company_tickers_exchange.json,apps/companies/data.json
158,0000068505,MSI,Motorola Solutions,NYSE,74300000000,科技,US,215,2026-10-04,market_cap,,,https://www.sec.gov/files/company_tickers_exchange.json,apps/companies/data.json
159,0000745732,ROST,Ross Stores,NASDAQ,73300000000,可选消费,US,216,2026-10-04,market_cap,,,https://www.sec.gov/files/company_tickers_exchange.json,apps/companies/data.json
160,0000026172,CMI,Cummins,NYSE,72900000000,工业,US,217,2026-10-04,market_cap,,,https://www.sec.gov/files/company_tickers_exchange.json,apps/companies/data.json
161,0000087347,SLB,Schlumberger,NYSE,72900000000,能源,US,218,2026-10-04,market_cap,,,https://www.sec.gov/files/company_tickers_exchange.json,apps/companies/data.json
162,0001585689,HLT,Hilton Worldwide,NYSE,72700000000,可选消费,US,219,2026-10-04,market_cap,,,https://www.sec.gov/files/company_tickers_exchange.json,apps/companies/data.json
163,0001739940,CI,Cigna,NYSE,71600000000,医疗健康,US,221,2026-10-04,market_cap,,,https://www.sec.gov/files/company_tickers_exchange.json,apps/companies/data.json
164,0000702165,NSC,Norfolk Southern Railway,NYSE,71300000000,工业,US,223,2026-10-04,market_cap,,,https://www.sec.gov/files/company_tickers_exchange.json,apps/companies/data.json
165,0000027419,TGT,Target Corporation,NYSE,70900000000,必需消费,US,224,2026-10-04,market_cap,,,https://www.sec.gov/files/company_tickers_exchange.json,apps/companies/data.json
166,0001280452,MPWR,Monolithic Power Systems,NASDAQ,70700000000,科技,US,225,2026-10-04,market_cap,,,https://www.sec.gov/files/company_tickers_exchange.json,apps/companies/data.json
167,0001467858,GM,General Motors,NYSE,70600000000,可选消费,US,226,2026-10-04,market_cap,,,https://www.sec.gov/files/company_tickers_exchange.json,apps/companies/data.json
168,0000898173,ORLY,O'Reilly Auto Parts,NASDAQ,70400000000,可选消费,US,227,2026-10-04,market_cap,,,https://www.sec.gov/files/company_tickers_exchange.json,apps/companies/data.json
169,0000097210,TER,Teradyne,NASDAQ,70300000000,科技,US,228,2026-10-04,market_cap,,,https://www.sec.gov/files/company_tickers_exchange.json,apps/companies/data.json
170,0001690820,CVNA,Carvana Co.,NYSE,69900000000,可选消费,US,229,2026-10-04,market_cap,,,https://www.sec.gov/files/company_tickers_exchange.json,apps/companies/data.json
171,0001048911,FDX,FedEx,NYSE,69300000000,工业,US,230,2026-10-04,market_cap,,,https://www.sec.gov/files/company_tickers_exchange.json,apps/companies/data.json
172,0001506307,KMI,Kinder Morgan,NYSE,69100000000,能源,US,231,2026-10-04,market_cap,,,https://www.sec.gov/files/company_tickers_exchange.json,apps/companies/data.json
173,0001535527,CRWD,CrowdStrike,NASDAQ,68700000000,科技,US,232,2026-10-04,market_cap,,,https://www.sec.gov/files/company_tickers_exchange.json,apps/companies/data.json
174,0001133421,NOC,Northrop Grumman,NYSE,67900000000,工业,US,233,2026-10-04,market_cap,,,https://www.sec.gov/files/company_tickers_exchange.json,apps/companies/data.json
175,0001067701,URI,United Rentals,NYSE,67700000000,工业,US,234,2026-10-04,market_cap,,,https://www.sec.gov/files/company_tickers_exchange.json,apps/companies/data.json
176,0000021665,CL,Colgate-Palmolive,NYSE,67400000000,必需消费,US,235,2026-10-04,market_cap,,,https://www.sec.gov/files/company_tickers_exchange.json,apps/companies/data.json
177,0001858681,APO,Apollo Global Management,NYSE,65700000000,金融,US,236,2026-10-04,market_cap,,,https://www.sec.gov/files/company_tickers_exchange.json,apps/companies/data.json
178,0001601046,KEYS,Keysight Technologies,NYSE,65700000000,科技,US,237,2026-10-04,market_cap,,,https://www.sec.gov/files/company_tickers_exchange.json,apps/companies/data.json
179,0001063761,SPG,Simon Property Group,NYSE,65200000000,房地产,US,238,2026-10-04,market_cap,,,https://www.sec.gov/files/company_tickers_exchange.json,apps/companies/data.json
180,0000004904,AEP,American Electric Power,NASDAQ,65100000000,公用事业,US,239,2026-10-04,market_cap,,,https://www.sec.gov/files/company_tickers_exchange.json,apps/companies/data.json
181,0001060391,RSG,Republic Services,NYSE,64500000000,工业,US,240,2026-10-04,market_cap,,,https://www.sec.gov/files/company_tickers_exchange.json,apps/companies/data.json
182,0000010795,BDX,Becton Dickinson,NYSE,64100000000,医疗健康,US,242,2026-10-04,market_cap,,,https://www.sec.gov/files/company_tickers_exchange.json,apps/companies/data.json
183,0000885725,BSX,Boston Scientific,NYSE,63300000000,医疗健康,US,243,2026-10-04,market_cap,,,https://www.sec.gov/files/company_tickers_exchange.json,apps/companies/data.json
184,0001297996,DLR,Digital Realty,NYSE,62700000000,房地产,US,244,2026-10-04,market_cap,,,https://www.sec.gov/files/company_tickers_exchange.json,apps/companies/data.json
185,0000002969,APD,Air Products,NYSE,61800000000,原材料,US,245,2026-10-04,market_cap,,,https://www.sec.gov/files/company_tickers_exchange.json,apps/companies/data.json
186,0001260221,TDG,TransDigm Group,NYSE,61000000000,工业,US,247,2026-10-04,market_cap,,,https://www.sec.gov/files/company_tickers_exchange.json,apps/companies/data.json
187,0001035983,FIX,"Comfort Systems USA, Inc.",NYSE,60800000000,工业,US,248,2026-10-04,market_cap,,,https://www.sec.gov/files/company_tickers_exchange.json,apps/companies/data.json
188,0001099219,MET,MetLife,NYSE,60800000000,金融,US,249,2026-10-04,market_cap,,,https://www.sec.gov/files/company_tickers_exchange.json,apps/companies/data.json
189,0001389170,TRGP,Targa Resources,NYSE,60500000000,能源,US,250,2026-10-04,market_cap,,,https://www.sec.gov/files/company_tickers_exchange.json,apps/companies/data.json
190,0000277135,GWW,W. W. Grainger,NYSE,60400000000,工业,US,251,2026-10-04,market_cap,,,https://www.sec.gov/files/company_tickers_exchange.json,apps/companies/data.json
191,0001140859,COR,Cencora,NYSE,60100000000,医疗健康,US,252,2026-10-04,market_cap,,,https://www.sec.gov/files/company_tickers_exchange.json,apps/companies/data.json
192,0000815556,FAST,Fastenal,NASDAQ,58300000000,工业,US,254,2026-10-04,market_cap,,,https://www.sec.gov/files/company_tickers_exchange.json,apps/companies/data.json
193,0000354190,AJG,Arthur J. Gallagher & Co.,NYSE,58100000000,金融,US,256,2026-10-04,market_cap,,,https://www.sec.gov/files/company_tickers_exchange.json,apps/companies/data.json
194,0000092230,TFC,Truist Financial,NYSE,57900000000,金融,US,257,2026-10-04,market_cap,,,https://www.sec.gov/files/company_tickers_exchange.json,apps/companies/data.json
195,0000797468,OXY,Occidental Petroleum,NYSE,57800000000,能源,US,258,2026-10-04,market_cap,,,https://www.sec.gov/files/company_tickers_exchange.json,apps/companies/data.json
196,0001037868,AME,Ametek,NYSE,57700000000,工业,US,259,2026-10-04,market_cap,,,https://www.sec.gov/files/company_tickers_exchange.json,apps/companies/data.json
197,0000075362,PCAR,Paccar,NASDAQ,57700000000,工业,US,260,2026-10-04,market_cap,,,https://www.sec.gov/files/company_tickers_exchange.json,apps/companies/data.json
198,0000899051,ALL,Allstate,NYSE,57600000000,金融,US,261,2026-10-04,market_cap,,,https://www.sec.gov/files/company_tickers_exchange.json,apps/companies/data.json
199,0000315293,AON,Aon,NYSE,57500000000,金融,US,262,2026-10-04,market_cap,,,https://www.sec.gov/files/company_tickers_exchange.json,apps/companies/data.json
200,0000004977,AFL,Aflac,NYSE,56800000000,金融,US,263,2026-10-04,market_cap,,,https://www.sec.gov/files/company_tickers_exchange.json,apps/companies/data.json
201,0001701605,BKR,Baker Hughes,NASDAQ,55600000000,能源,US,264,2026-10-04,market_cap,,,https://www.sec.gov/files/company_tickers_exchange.json,apps/companies/data.json
202,0000936395,CIEN,Ciena Corporation,NYSE,55400000000,科技,US,265,2026-10-04,market_cap,,,https://www.sec.gov/files/company_tickers_exchange.json,apps/companies/data.json
203,0001039684,OKE,ONEOK,NYSE,55400000000,能源,US,266,2026-10-04,market_cap,,,https://www.sec.gov/files/company_tickers_exchange.json,apps/companies/data.json
204,0000027904,DAL,Delta Air Lines,NYSE,55200000000,工业,US,267,2026-10-04,market_cap,,,https://www.sec.gov/files/company_tickers_exchange.json,apps/companies/data.json
205,0000849395,CRH,CRH plc,NYSE,54800000000,原材料,US,268,2026-10-04,market_cap,,,https://www.sec.gov/files/company_tickers_exchange.json,apps/companies/data.json
206,0000073309,NUE,Nucor,NYSE,54700000000,原材料,US,269,2026-10-04,market_cap,,,https://www.sec.gov/files/company_tickers_exchange.json,apps/companies/data.json
207,0000715957,D,Dominion Energy,NYSE,53900000000,公用事业,US,271,2026-10-04,market_cap,,,https://www.sec.gov/files/company_tickers_exchange.json,apps/companies/data.json
208,0000721371,CAH,Cardinal Health,NYSE,53500000000,医疗健康,US,272,2026-10-04,market_cap,,,https://www.sec.gov/files/company_tickers_exchange.json,apps/companies/data.json
209,0000820318,COHR,"Coherent, Inc.",NYSE,53400000000,科技,US,273,2026-10-04,market_cap,,,https://www.sec.gov/files/company_tickers_exchange.json,apps/companies/data.json
210,0001539838,FANG,Diamondback Energy,NASDAQ,52000000000,能源,US,275,2026-10-04,market_cap,,,https://www.sec.gov/files/company_tickers_exchange.json,apps/companies/data.json
211,0001032208,SRE,Sempra,NYSE,51200000000,公用事业,US,276,2026-10-04,market_cap,,,https://www.sec.gov/files/company_tickers_exchange.json,apps/companies/data.json
212,0001120193,NDAQ,"Nasdaq, Inc.",NASDAQ,51100000000,金融,US,277,2026-10-04,market_cap,,,https://www.sec.gov/files/company_tickers_exchange.json,apps/companies/data.json
213,0001024478,ROK,Rockwell Automation,NYSE,50600000000,工业,US,278,2026-10-04,market_cap,,,https://www.sec.gov/files/company_tickers_exchange.json,apps/companies/data.json
214,0000726728,O,Realty Income,NYSE,50500000000,房地产,US,279,2026-10-04,market_cap,,,https://www.sec.gov/files/company_tickers_exchange.json,apps/companies/data.json
215,0000320187,NKE,"Nike, Inc.",NYSE,50100000000,可选消费,US,280,2026-10-04,market_cap,,,https://www.sec.gov/files/company_tickers_exchange.json,apps/companies/data.json
216,0001393311,PSA,Public Storage,NYSE,49800000000,房地产,US,282,2026-10-04,market_cap,,,https://www.sec.gov/files/company_tickers_exchange.json,apps/companies/data.json
217,0001099800,EW,Edwards Lifesciences,NYSE,49000000000,医疗健康,US,283,2026-10-04,market_cap,,,https://www.sec.gov/files/company_tickers_exchange.json,apps/companies/data.json
218,0001327811,WDAY,"Workday, Inc.",NASDAQ,48800000000,科技,US,284,2026-10-04,market_cap,,,https://www.sec.gov/files/company_tickers_exchange.json,apps/companies/data.json
219,0000943452,WAB,Wabtec,NYSE,48800000000,工业,US,285,2026-10-04,market_cap,,,https://www.sec.gov/files/company_tickers_exchange.json,apps/companies/data.json
220,0000093751,STT,State Street Corporation,NYSE,48700000000,金融,US,286,2026-10-04,market_cap,,,https://www.sec.gov/files/company_tickers_exchange.json,apps/companies/data.json
221,0001679788,COIN,Coinbase Global,NASDAQ,48200000000,金融,US,287,2026-10-04,market_cap,,,https://www.sec.gov/files/company_tickers_exchange.json,apps/companies/data.json
222,0001090872,A,Agilent Technologies,NYSE,47400000000,医疗健康,US,288,2026-10-04,market_cap,,,https://www.sec.gov/files/company_tickers_exchange.json,apps/companies/data.json
223,0000037996,F,Ford Motor Company,NYSE,47400000000,可选消费,US,289,2026-10-04,market_cap,,,https://www.sec.gov/files/company_tickers_exchange.json,apps/companies/data.json
224,0001692819,VST,Vistra Corp.,NYSE,47200000000,公用事业,US,290,2026-10-04,market_cap,,,https://www.sec.gov/files/company_tickers_exchange.json,apps/companies/data.json
225,0001065088,EBAY,eBay,NASDAQ,47200000000,可选消费,US,291,2026-10-04,market_cap,,,https://www.sec.gov/files/company_tickers_exchange.json,apps/companies/data.json
226,0001633917,PYPL,PayPal,NASDAQ,46600000000,金融,US,293,2026-10-04,market_cap,,,https://www.sec.gov/files/company_tickers_exchange.json,apps/companies/data.json
227,0000049071,HUM,Humana,NYSE,46600000000,医疗健康,US,294,2026-10-04,market_cap,,,https://www.sec.gov/files/company_tickers_exchange.json,apps/companies/data.json
228,0000065984,ETR,Entergy,NYSE,46200000000,公用事业,US,295,2026-10-04,market_cap,,,https://www.sec.gov/files/company_tickers_exchange.json,apps/companies/data.json
229,0000035527,FITB,Fifth Third Bancorp,NYSE,46100000000,金融,US,296,2026-10-04,market_cap,,,https://www.sec.gov/files/company_tickers_exchange.json,apps/companies/data.json
230,0001783180,CARR,Carrier Global,NYSE,45800000000,工业,US,297,2026-10-04,market_cap,,,https://www.sec.gov/files/company_tickers_exchange.json,apps/companies/data.json
231,0000866787,AZO,AutoZone,NYSE,45600000000,可选消费,US,298,2026-10-04,market_cap,,,https://www.sec.gov/files/company_tickers_exchange.json,apps/companies/data.json
232,0000769397,ADSK,Autodesk,NASDAQ,44800000000,科技,US,299,2026-10-04,market_cap,,,https://www.sec.gov/files/company_tickers_exchange.json,apps/companies/data.json
233,0000072903,XEL,Xcel Energy,NASDAQ,44600000000,公用事业,US,301,2026-10-04,market_cap,,,https://www.sec.gov/files/company_tickers_exchange.json,apps/companies/data.json
234,0001393052,VEEV,Veeva Systems Inc.,NYSE,44400000000,医疗健康,US,302,2026-10-04,market_cap,,,https://www.sec.gov/files/company_tickers_exchange.json,apps/companies/data.json
235,0001002047,NTAP,NetApp,NASDAQ,44300000000,科技,US,303,2026-10-04,market_cap,,,https://www.sec.gov/files/company_tickers_exchange.json,apps/companies/data.json
236,0001512673,XYZ,"Block, Inc.",NYSE,44200000000,科技,US,304,2026-10-04,market_cap,,,https://www.sec.gov/files/company_tickers_exchange.json,apps/companies/data.json
237,0000202058,LHX,L3Harris,NYSE,44100000000,工业,US,305,2026-10-04,market_cap,,,https://www.sec.gov/files/company_tickers_exchange.json,apps/companies/data.json
238,0000827054,MCHP,Microchip Technology,NASDAQ,44100000000,科技,US,306,2026-10-04,market_cap,,,https://www.sec.gov/files/company_tickers_exchange.json,apps/companies/data.json
239,0000820027,AMP,Ameriprise Financial,NYSE,44100000000,金融,US,307,2026-10-04,market_cap,,,https://www.sec.gov/files/company_tickers_exchange.json,apps/companies/data.json
240,0001478242,IQV,IQVIA,NYSE,43100000000,医疗健康,US,308,2026-10-04,market_cap,,,https://www.sec.gov/files/company_tickers_exchange.json,apps/companies/data.json
241,0000865752,MNST,Monster Beverage,NASDAQ,42000000000,必需消费,US,312,2026-10-04,market_cap,,,https://www.sec.gov/files/company_tickers_exchange.json,apps/companies/data.json
242,0001109357,EXC,Exelon,NASDAQ,41700000000,公用事业,US,313,2026-10-04,market_cap,,,https://www.sec.gov/files/company_tickers_exchange.json,apps/companies/data.json
243,0001058090,CMG,Chipotle Mexican Grill,NYSE,41500000000,可选消费,US,314,2026-10-04,market_cap,,,https://www.sec.gov/files/company_tickers_exchange.json,apps/companies/data.json
244,0001418135,KDP,Keurig Dr Pepper,NASDAQ,41300000000,必需消费,US,315,2026-10-04,market_cap,,,https://www.sec.gov/files/company_tickers_exchange.json,apps/companies/data.json
245,0000874716,IDXX,Idexx Laboratories,NASDAQ,40900000000,医疗健康,US,316,2026-10-04,market_cap,,,https://www.sec.gov/files/company_tickers_exchange.json,apps/companies/data.json
246,0000740260,VTR,Ventas,NYSE,40800000000,房地产,US,317,2026-10-04,market_cap,,,https://www.sec.gov/files/company_tickers_exchange.json,apps/companies/data.json
247,0000005272,AIG,American International Group,NYSE,39700000000,金融,US,318,2026-10-04,market_cap,,,https://www.sec.gov/files/company_tickers_exchange.json,apps/companies/data.json
248,0001335258,LYV,Live Nation Entertainment,NYSE,39300000000,通信服务,US,319,2026-10-04,market_cap,,,https://www.sec.gov/files/company_tickers_exchange.json,apps/companies/data.json
249,0001137774,PRU,Prudential Financial,NYSE,39100000000,金融,US,320,2026-10-04,market_cap,,,https://www.sec.gov/files/company_tickers_exchange.json,apps/companies/data.json
250,0001408198,MSCI,MSCI,NYSE,39000000000,金融,US,321,2026-10-04,market_cap,,,https://www.sec.gov/files/company_tickers_exchange.json,apps/companies/data.json
251,0000007084,ADM,Archer Daniels Midland,NYSE,38800000000,必需消费,US,322,2026-10-04,market_cap,,,https://www.sec.gov/files/company_tickers_exchange.json,apps/companies/data.json
252,0001176948,ARES,Ares Management Corporation,NYSE,38600000000,金融,US,323,2026-10-04,market_cap,,,https://www.sec.gov/files/company_tickers_exchange.json,apps/companies/data.json
253,0000882184,DHI,D. R. Horton,NYSE,38300000000,可选消费,US,324,2026-10-04,market_cap,,,https://www.sec.gov/files/company_tickers_exchange.json,apps/companies/data.json
254,0001047862,ED,Consolidated Edison,NYSE,38100000000,公用事业,US,325,2026-10-04,market_cap,,,https://www.sec.gov/files/company_tickers_exchange.json,apps/companies/data.json
255,0001138118,CBRE,CBRE Group,NYSE,37900000000,房地产,US,326,2026-10-04,market_cap,,,https://www.sec.gov/files/company_tickers_exchange.json,apps/companies/data.json
256,0000946581,TTWO,Take-Two Interactive,NASDAQ,37600000000,科技,US,328,2026-10-04,market_cap,,,https://www.sec.gov/files/company_tickers_exchange.json,apps/companies/data.json
257,0000878927,ODFL,Old Dominion,NASDAQ,37500000000,工业,US,329,2026-10-04,market_cap,,,https://www.sec.gov/files/company_tickers_exchange.json,apps/companies/data.json
258,0001041061,YUM,Yum! Brands,NYSE,37500000000,可选消费,US,330,2026-10-04,market_cap,,,https://www.sec.gov/files/company_tickers_exchange.json,apps/companies/data.json
259,0000096021,SYY,Sysco,NYSE,37100000000,必需消费,US,331,2026-10-04,market_cap,,,https://www.sec.gov/files/company_tickers_exchange.json,apps/companies/data.json
260,0000100517,UAL,United Airlines Holdings,NASDAQ,36500000000,工业,US,332,2026-10-04,market_cap,,,https://www.sec.gov/files/company_tickers_exchange.json,apps/companies/data.json
261,0000056873,KR,Kroger,NYSE,36400000000,必需消费,US,333,2026-10-04,market_cap,,,https://www.sec.gov/files/company_tickers_exchange.json,apps/companies/data.json
262,0000882835,ROP,Roper Technologies,NASDAQ,35800000000,工业,US,334,2026-10-04,market_cap,,,https://www.sec.gov/files/company_tickers_exchange.json,apps/companies/data.json
263,0000723531,PAYX,Paychex,NASDAQ,35400000000,工业,US,335,2026-10-04,market_cap,,,https://www.sec.gov/files/company_tickers_exchange.json,apps/companies/data.json
264,0000815097,CCL,Carnival,NYSE,35300000000,可选消费,US,336,2026-10-04,market_cap,,,https://www.sec.gov/files/company_tickers_exchange.json,apps/companies/data.json
265,0000105634,EME,"EMCOR Group, Inc.",NYSE,35000000000,工业,US,337,2026-10-04,market_cap,,,https://www.sec.gov/files/company_tickers_exchange.json,apps/companies/data.json
266,0000874766,HIG,Hartford (The),NYSE,34600000000,金融,US,339,2026-10-04,market_cap,,,https://www.sec.gov/files/company_tickers_exchange.json,apps/companies/data.json
267,0000788784,PEG,Public Service Enterprise Group,NYSE,33900000000,公用事业,US,340,2026-10-04,market_cap,,,https://www.sec.gov/files/company_tickers_exchange.json,apps/companies/data.json
268,0001020569,IRM,Iron Mountain,NYSE,33700000000,房地产,US,341,2026-10-04,market_cap,,,https://www.sec.gov/files/company_tickers_exchange.json,apps/companies/data.json
269,0001022671,STLD,Steel Dynamics,NASDAQ,33500000000,原材料,US,342,2026-10-04,market_cap,,,https://www.sec.gov/files/company_tickers_exchange.json,apps/companies/data.json
270,0001069183,AXON,Axon Enterprise,NASDAQ,33300000000,工业,US,343,2026-10-04,market_cap,,,https://www.sec.gov/files/company_tickers_exchange.json,apps/companies/data.json
271,0001097864,ON,ON Semiconductor,NASDAQ,33300000000,科技,US,344,2026-10-04,market_cap,,,https://www.sec.gov/files/company_tickers_exchange.json,apps/companies/data.json
272,0001001250,EL,Estée Lauder Companies (The),NYSE,33300000000,必需消费,US,345,2026-10-04,market_cap,,,https://www.sec.gov/files/company_tickers_exchange.json,apps/companies/data.json
273,0000783325,WEC,WEC Energy Group,NYSE,33100000000,公用事业,US,346,2026-10-04,market_cap,,,https://www.sec.gov/files/company_tickers_exchange.json,apps/companies/data.json
274,0001944048,KVUE,Kenvue,NYSE,33000000000,必需消费,US,347,2026-10-04,market_cap,,,https://www.sec.gov/files/company_tickers_exchange.json,apps/companies/data.json
275,0001093557,DXCM,Dexcom,NASDAQ,32900000000,医疗健康,US,348,2026-10-04,market_cap,,,https://www.sec.gov/files/company_tickers_exchange.json,apps/companies/data.json
276,0000875045,BIIB,Biogen,NASDAQ,32500000000,医疗健康,US,350,2026-10-04,market_cap,,,https://www.sec.gov/files/company_tickers_exchange.json,apps/companies/data.json
277,0000047111,HSY,Hershey Company (The),NYSE,32500000000,必需消费,US,351,2026-10-04,market_cap,,,https://www.sec.gov/files/company_tickers_exchange.json,apps/companies/data.json
278,0000898293,JBL,Jabil,NYSE,32100000000,科技,US,352,2026-10-04,market_cap,,,https://www.sec.gov/files/company_tickers_exchange.json,apps/companies/data.json
279,0000036270,MTB,M&T Bank,NYSE,32100000000,金融,US,353,2026-10-04,market_cap,,,https://www.sec.gov/files/company_tickers_exchange.json,apps/companies/data.json
280,0000943819,RMD,ResMed,NYSE,31800000000,医疗健康,US,354,2026-10-04,market_cap,,,https://www.sec.gov/files/company_tickers_exchange.json,apps/companies/data.json
281,0000073124,NTRS,Northern Trust,NASDAQ,31700000000,金融,US,355,2026-10-04,market_cap,,,https://www.sec.gov/files/company_tickers_exchange.json,apps/companies/data.json
282,0001396009,VMC,Vulcan Materials Company,NYSE,31500000000,原材料,US,356,2026-10-04,market_cap,,,https://www.sec.gov/files/company_tickers_exchange.json,apps/companies/data.json
283,0000033213,EQT,EQT Corporation,NYSE,31400000000,能源,US,357,2026-10-04,market_cap,,,https://www.sec.gov/files/company_tickers_exchange.json,apps/companies/data.json
284,0000055785,KMB,Kimberly-Clark,NASDAQ,31300000000,必需消费,US,358,2026-10-04,market_cap,,,https://www.sec.gov/files/company_tickers_exchange.json,apps/companies/data.json
285,0001071739,CNC,Centene Corporation,NYSE,31100000000,医疗健康,US,359,2026-10-04,market_cap,,,https://www.sec.gov/files/company_tickers_exchange.json,apps/companies/data.json
286,0000049196,HBAN,Huntington Bancshares,NASDAQ,31100000000,金融,US,360,2026-10-04,market_cap,,,https://www.sec.gov/files/company_tickers_exchange.json,apps/companies/data.json
287,0000720005,RJF,Raymond James Financial,NYSE,30800000000,金融,US,361,2026-10-04,market_cap,,,https://www.sec.gov/files/company_tickers_exchange.json,apps/companies/data.json
288,0001324424,EXPE,Expedia Group,NASDAQ,30300000000,可选消费,US,362,2026-10-04,market_cap,,,https://www.sec.gov/files/company_tickers_exchange.json,apps/companies/data.json
289,0001037646,MTD,Mettler Toledo,NYSE,30000000000,医疗健康,US,363,2026-10-04,market_cap,,,https://www.sec.gov/files/company_tickers_exchange.json,apps/companies/data.json
290,0001699150,IR,Ingersoll Rand,NYSE,29800000000,工业,US,365,2026-10-04,market_cap,,,https://www.sec.gov/files/company_tickers_exchange.json,apps/companies/data.json
291,0001090012,DVN,Devon Energy,NYSE,29600000000,能源,US,366,2026-10-04,market_cap,,,https://www.sec.gov/files/company_tickers_exchange.json,apps/companies/data.json
292,0000047217,HPQ,HP Inc.,NYSE,29400000000,科技,US,367,2026-10-04,market_cap,,,https://www.sec.gov/files/company_tickers_exchange.json,apps/companies/data.json
293,0001932393,GEHC,GE HealthCare,NASDAQ,29200000000,医疗健康,US,368,2026-10-04,market_cap,,,https://www.sec.gov/files/company_tickers_exchange.json,apps/companies/data.json
294,0001555280,ZTS,Zoetis,NYSE,29200000000,医疗健康,US,369,2026-10-04,market_cap,,,https://www.sec.gov/files/company_tickers_exchange.json,apps/companies/data.json
295,0000916076,MLM,Martin Marietta Materials,NYSE,29000000000,原材料,US,370,2026-10-04,market_cap,,,https://www.sec.gov/files/company_tickers_exchange.json,apps/companies/data.json
296,0001051470,CCI,Crown Castle,NYSE,29000000000,房地产,US,371,2026-10-04,market_cap,,,https://www.sec.gov/files/company_tickers_exchange.json,apps/companies/data.json
297,0001094285,TDY,Teledyne Technologies,NYSE,28600000000,科技,US,373,2026-10-04,market_cap,,,https://www.sec.gov/files/company_tickers_exchange.json,apps/companies/data.json
298,0001375365,SMCI,Supermicro,NASDAQ,28300000000,科技,US,375,2026-10-04,market_cap,,,https://www.sec.gov/files/company_tickers_exchange.json,apps/companies/data.json
299,0001289490,EXR,Extra Space Storage,NYSE,28200000000,房地产,US,376,2026-10-04,market_cap,,,https://www.sec.gov/files/company_tickers_exchange.json,apps/companies/data.json
300,0001058290,CTSH,Cognizant,NASDAQ,27700000000,科技,US,377,2026-10-04,market_cap,,,https://www.sec.gov/files/company_tickers_exchange.json,apps/companies/data.json
301,0001000697,WAT,Waters Corporation,NYSE,27700000000,医疗健康,US,378,2026-10-04,market_cap,,,https://www.sec.gov/files/company_tickers_exchange.json,apps/companies/data.json
302,0001002910,AEE,Ameren,NYSE,27700000000,公用事业,US,379,2026-10-04,market_cap,,,https://www.sec.gov/files/company_tickers_exchange.json,apps/companies/data.json
303,0002058873,Q,"Qnity Electronics, Inc.",NYSE,27500000000,科技,US,380,2026-10-04,market_cap,,,https://www.sec.gov/files/company_tickers_exchange.json,apps/companies/data.json
304,0000719955,WSM,Williams-Sonoma,NYSE,27400000000,可选消费,US,381,2026-10-04,market_cap,,,https://www.sec.gov/files/company_tickers_exchange.json,apps/companies/data.json
305,0001754301,FOXA,Fox Corporation (Class A),NASDAQ,27300000000,通信服务,US,382,2026-10-04,market_cap,,,https://www.sec.gov/files/company_tickers_exchange.json,apps/companies/data.json
306,0000759944,CFG,Citizens Financial Group,NYSE,27200000000,金融,US,384,2026-10-04,market_cap,,,https://www.sec.gov/files/company_tickers_exchange.json,apps/companies/data.json
307,0001004980,PCG,PG&E Corporation,NYSE,27100000000,公用事业,US,385,2026-10-04,market_cap,,,https://www.sec.gov/files/company_tickers_exchange.json,apps/companies/data.json
308,0000045012,HAL,Halliburton,NYSE,26600000000,能源,US,386,2026-10-04,market_cap,,,https://www.sec.gov/files/company_tickers_exchange.json,apps/companies/data.json
309,0001637459,KHC,Kraft Heinz,NYSE,26300000000,必需消费,US,387,2026-10-04,market_cap,,,https://www.sec.gov/files/company_tickers_exchange.json,apps/companies/data.json
310,0000731802,ATO,Atmos Energy,NYSE,26200000000,公用事业,US,388,2026-10-04,market_cap,,,https://www.sec.gov/files/company_tickers_exchange.json,apps/companies/data.json
311,0000029534,DG,Dollar General,NYSE,26200000000,必需消费,US,389,2026-10-04,market_cap,,,https://www.sec.gov/files/company_tickers_exchange.json,apps/companies/data.json
312,0001014473,VRSN,Verisign,NASDAQ,26200000000,科技,US,390,2026-10-04,market_cap,,,https://www.sec.gov/files/company_tickers_exchange.json,apps/companies/data.json
313,0000936340,DTE,DTE Energy,NYSE,25900000000,公用事业,US,392,2026-10-04,market_cap,,,https://www.sec.gov/files/company_tickers_exchange.json,apps/companies/data.json
314,0000105770,WST,West Pharmaceutical Services,NYSE,25800000000,医疗健康,US,393,2026-10-04,market_cap,,,https://www.sec.gov/files/company_tickers_exchange.json,apps/companies/data.json
315,0001175454,CPAY,Corpay,NYSE,25800000000,科技,US,394,2026-10-04,market_cap,,,https://www.sec.gov/files/company_tickers_exchange.json,apps/companies/data.json
316,0001022079,DGX,Quest Diagnostics,NYSE,25800000000,医疗健康,US,395,2026-10-04,market_cap,,,https://www.sec.gov/files/company_tickers_exchange.json,apps/companies/data.json
317,0000011544,WRB,W. R. Berkley Corporation,NYSE,25700000000,金融,US,396,2026-10-04,market_cap,,,https://www.sec.gov/files/company_tickers_exchange.json,apps/companies/data.json
318,0001048695,FFIV,"F5, Inc.",NASDAQ,25600000000,科技,US,397,2026-10-04,market_cap,,,https://www.sec.gov/files/company_tickers_exchange.json,apps/companies/data.json
319,0000029905,DOV,Dover Corporation,NYSE,25500000000,工业,US,398,2026-10-04,market_cap,,,https://www.sec.gov/files/company_tickers_exchange.json,apps/companies/data.json
320,0001410636,AWK,American Water Works,NYSE,25400000000,公用事业,US,399,2026-10-04,market_cap,,,https://www.sec.gov/files/company_tickers_exchange.json,apps/companies/data.json
321,0000920148,LH,LabCorp,NYSE,25300000000,医疗健康,US,400,2026-10-04,market_cap,,,https://www.sec.gov/files/company_tickers_exchange.json,apps/companies/data.json
322,0000900075,CPRT,Copart,NASDAQ,25200000000,可选消费,US,401,2026-10-04,market_cap,,,https://www.sec.gov/files/company_tickers_exchange.json,apps/companies/data.json
323,0000746515,EXPD,Expeditors International,NYSE,25200000000,工业,US,402,2026-10-04,market_cap,,,https://www.sec.gov/files/company_tickers_exchange.json,apps/companies/data.json
324,0000048898,HUBB,Hubbell Incorporated,NYSE,25100000000,工业,US,403,2026-10-04,market_cap,,,https://www.sec.gov/files/company_tickers_exchange.json,apps/companies/data.json
325,0000020286,CINF,Cincinnati Financial,NASDAQ,25100000000,金融,US,404,2026-10-04,market_cap,,,https://www.sec.gov/files/company_tickers_exchange.json,apps/companies/data.json
326,0001031296,FE,FirstEnergy,NYSE,25100000000,公用事业,US,405,2026-10-04,market_cap,,,https://www.sec.gov/files/company_tickers_exchange.json,apps/companies/data.json
327,0000922224,PPL,PPL Corporation,NYSE,24700000000,公用事业,US,406,2026-10-04,market_cap,,,https://www.sec.gov/files/company_tickers_exchange.json,apps/companies/data.json
328,0001130310,CNP,CenterPoint Energy,NYSE,24700000000,公用事业,US,407,2026-10-04,market_cap,,,https://www.sec.gov/files/company_tickers_exchange.json,apps/companies/data.json
329,0001781335,OTIS,Otis Worldwide,NYSE,24600000000,工业,US,408,2026-10-04,market_cap,,,https://www.sec.gov/files/company_tickers_exchange.json,apps/companies/data.json
330,0001705696,VICI,Vici Properties,NYSE,24400000000,房地产,US,409,2026-10-04,market_cap,,,https://www.sec.gov/files/company_tickers_exchange.json,apps/companies/data.json
331,0000072741,ES,Eversource Energy,NYSE,24300000000,公用事业,US,410,2026-10-04,market_cap,,,https://www.sec.gov/files/company_tickers_exchange.json,apps/companies/data.json
332,0001524472,XYL,Xylem Inc.,NYSE,24200000000,工业,US,411,2026-10-04,market_cap,,,https://www.sec.gov/files/company_tickers_exchange.json,apps/companies/data.json
333,0001126328,PFG,Principal Financial Group,NASDAQ,24200000000,金融,US,412,2026-10-04,market_cap,,,https://www.sec.gov/files/company_tickers_exchange.json,apps/companies/data.json
334,0001601712,SYF,Synchrony Financial,NYSE,24100000000,金融,US,413,2026-10-04,market_cap,,,https://www.sec.gov/files/company_tickers_exchange.json,apps/companies/data.json
335,0001300514,LVS,Las Vegas Sands,NYSE,24000000000,可选消费,US,414,2026-10-04,market_cap,,,https://www.sec.gov/files/company_tickers_exchange.json,apps/companies/data.json
336,0001116132,TPR,"Tapestry, Inc.",NYSE,23900000000,可选消费,US,415,2026-10-04,market_cap,,,https://www.sec.gov/files/company_tickers_exchange.json,apps/companies/data.json
337,0000798354,FISV,"Fiserv, Inc.",NASDAQ,23700000000,科技,US,417,2026-10-04,market_cap,,,https://www.sec.gov/files/company_tickers_exchange.json,apps/companies/data.json
338,0001811074,TPL,Texas Pacific Land Corporation,NYSE,23500000000,能源,US,418,2026-10-04,market_cap,,,https://www.sec.gov/files/company_tickers_exchange.json,apps/companies/data.json
339,0001403568,ULTA,Ulta Beauty,NASDAQ,23400000000,可选消费,US,419,2026-10-04,market_cap,,,https://www.sec.gov/files/company_tickers_exchange.json,apps/companies/data.json
340,0000079879,PPG,PPG Industries,NYSE,23400000000,原材料,US,420,2026-10-04,market_cap,,,https://www.sec.gov/files/company_tickers_exchange.json,apps/companies/data.json
341,0001967680,VLTO,Veralto,NYSE,23300000000,工业,US,421,2026-10-04,market_cap,,,https://www.sec.gov/files/company_tickers_exchange.json,apps/companies/data.json
342,0001281761,RF,Regions Financial Corporation,NYSE,23100000000,金融,US,423,2026-10-04,market_cap,,,https://www.sec.gov/files/company_tickers_exchange.json,apps/companies/data.json
343,0000879169,INCY,Incyte,NASDAQ,23000000000,医疗健康,US,424,2026-10-04,market_cap,,,https://www.sec.gov/files/company_tickers_exchange.json,apps/companies/data.json
344,0000726958,CASY,"Casey's General Stores, Inc.",NASDAQ,22900000000,可选消费,US,425,2026-10-04,market_cap,,,https://www.sec.gov/files/company_tickers_exchange.json,apps/companies/data.json
345,0000940944,DRI,Darden Restaurants,NYSE,22900000000,可选消费,US,426,2026-10-04,market_cap,,,https://www.sec.gov/files/company_tickers_exchange.json,apps/companies/data.json
346,0001113169,TROW,T. Rowe Price,NASDAQ,22400000000,金融,US,427,2026-10-04,market_cap,,,https://www.sec.gov/files/company_tickers_exchange.json,apps/companies/data.json
347,0000313927,CHD,Church & Dwight,NYSE,22300000000,必需消费,US,429,2026-10-04,market_cap,,,https://www.sec.gov/files/company_tickers_exchange.json,apps/companies/data.json
348,0001037038,RL,Ralph Lauren Corporation,NYSE,22200000000,可选消费,US,430,2026-10-04,market_cap,,,https://www.sec.gov/files/company_tickers_exchange.json,apps/companies/data.json
349,0000728535,JBHT,J.B. Hunt,NASDAQ,22100000000,工业,US,431,2026-10-04,market_cap,,,https://www.sec.gov/files/company_tickers_exchange.json,apps/companies/data.json
350,0000822416,PHM,PulteGroup,NYSE,22000000000,可选消费,US,432,2026-10-04,market_cap,,,https://www.sec.gov/files/company_tickers_exchange.json,apps/companies/data.json
351,0000060086,L,Loews Corporation,NYSE,21800000000,金融,US,433,2026-10-04,market_cap,,,https://www.sec.gov/files/company_tickers_exchange.json,apps/companies/data.json
352,0000091576,KEY,KeyCorp,NYSE,21700000000,金融,US,434,2026-10-04,market_cap,,,https://www.sec.gov/files/company_tickers_exchange.json,apps/companies/data.json
353,0000935703,DLTR,Dollar Tree,NASDAQ,21600000000,必需消费,US,435,2026-10-04,market_cap,,,https://www.sec.gov/files/company_tickers_exchange.json,apps/companies/data.json
354,0001442145,VRSK,Verisk Analytics,NASDAQ,21500000000,工业,US,436,2026-10-04,market_cap,,,https://www.sec.gov/files/company_tickers_exchange.json,apps/companies/data.json
355,0000029989,OMC,Omnicom Group,NYSE,21100000000,通信服务,US,437,2026-10-04,market_cap,,,https://www.sec.gov/files/company_tickers_exchange.json,apps/companies/data.json
356,0000051253,IFF,International Flavors & Fragrances,NYSE,21000000000,原材料,US,438,2026-10-04,market_cap,,,https://www.sec.gov/files/company_tickers_exchange.json,apps/companies/data.json
357,0000092380,LUV,Southwest Airlines,NYSE,20800000000,工业,US,439,2026-10-04,market_cap,,,https://www.sec.gov/files/company_tickers_exchange.json,apps/companies/data.json
358,0001996862,BG,Bunge Global,NYSE,20700000000,必需消费,US,440,2026-10-04,market_cap,,,https://www.sec.gov/files/company_tickers_exchange.json,apps/companies/data.json
359,0000827052,EIX,Edison International,NYSE,20700000000,公用事业,US,441,2026-10-04,market_cap,,,https://www.sec.gov/files/company_tickers_exchange.json,apps/companies/data.json
360,0000895126,EXE,Expand Energy,NASDAQ,20500000000,能源,US,442,2026-10-04,market_cap,,,https://www.sec.gov/files/company_tickers_exchange.json,apps/companies/data.json
361,0001792044,VTRS,Viatris,NASDAQ,20500000000,医疗健康,US,443,2026-10-04,market_cap,,,https://www.sec.gov/files/company_tickers_exchange.json,apps/companies/data.json
362,0000075677,PKG,Packaging Corporation of America,NYSE,20400000000,可选消费,US,444,2026-10-04,market_cap,,,https://www.sec.gov/files/company_tickers_exchange.json,apps/companies/data.json
363,0000079282,BRO,Brown & Brown,NYSE,20300000000,金融,US,445,2026-10-04,market_cap,,,https://www.sec.gov/files/company_tickers_exchange.json,apps/companies/data.json
364,0001751788,DOW,Dow Inc.,NYSE,20200000000,原材料,US,447,2026-10-04,market_cap,,,https://www.sec.gov/files/company_tickers_exchange.json,apps/companies/data.json
365,0001013871,NRG,NRG Energy,NYSE,20100000000,公用事业,US,448,2026-10-04,market_cap,,,https://www.sec.gov/files/company_tickers_exchange.json,apps/companies/data.json
366,0000920760,LEN,Lennar,NYSE,19800000000,可选消费,US,449,2026-10-04,market_cap,,,https://www.sec.gov/files/company_tickers_exchange.json,apps/companies/data.json
367,0000811156,CMS,CMS Energy,NYSE,19700000000,公用事业,US,450,2026-10-04,market_cap,,,https://www.sec.gov/files/company_tickers_exchange.json,apps/companies/data.json
368,0000812011,MTN,VAIL RESORTS INC,NYSE,,,US,,2026-10-04,sec_filer_category_proxy,Large accelerated filer,2026-09-28,https://www.sec.gov/files/company_tickers_exchange.json,apps/supply-chain/domestic.json
369,0001067294,CBRL,"CRACKER BARREL OLD COUNTRY STORE, INC",NASDAQ,,,US,,2026-10-04,sec_filer_category_proxy,Large accelerated filer,2026-09-25,https://www.sec.gov/files/company_tickers_exchange.json,apps/supply-chain/domestic.json
370,0000029644,DCI,DONALDSON Co INC,NYSE,,,US,,2026-10-04,sec_filer_category_proxy,Large accelerated filer,2026-09-25,https://www.sec.gov/files/company_tickers_exchange.json,apps/supply-chain/domestic.json
371,0000016732,CPB,CAMPBELL'S Co,NASDAQ,,,US,,2026-10-04,sec_filer_category_proxy,Large accelerated filer,2026-09-24,https://www.sec.gov/files/company_tickers_exchange.json,apps/supply-chain/domestic.json
372,0000730263,THO,THOR INDUSTRIES INC,NYSE,,,US,,2026-10-04,sec_filer_category_proxy,Large accelerated filer,2026-09-22,https://www.sec.gov/files/company_tickers_exchange.json,apps/supply-chain/domestic.json
373,0001618732,NTNX,"Nutanix, Inc.",NASDAQ,,,US,,2026-10-04,sec_filer_category_proxy,Large accelerated filer,2026-09-18,https://www.sec.gov/files/company_tickers_exchange.json,apps/supply-chain/domestic.json
374,0001020859,UNFI,UNITED NATURAL FOODS INC,NYSE,,,US,,2026-10-04,sec_filer_category_proxy,Large accelerated filer,2026-09-14,https://www.sec.gov/files/company_tickers_exchange.json,apps/supply-chain/domestic.json
375,0001528396,GWRE,"Guidewire Software, Inc.",NYSE,,,US,,2026-10-04,sec_filer_category_proxy,Large accelerated filer,2026-09-11,https://www.sec.gov/files/company_tickers_exchange.json,apps/supply-chain/domestic.json
376,0001638826,TTAN,"ServiceTitan, Inc.",NASDAQ,,,US,,2026-10-04,sec_filer_category_proxy,Large accelerated filer,2026-09-08,https://www.sec.gov/files/company_tickers_exchange.json,apps/supply-chain/domestic.json
377,0000746598,BRC,BRADY CORP,NYSE,,,US,,2026-10-04,sec_filer_category_proxy,Large accelerated filer,2026-09-03,https://www.sec.gov/files/company_tickers_exchange.json,apps/supply-chain/domestic.json
378,0001713683,ZS,"Zscaler, Inc.",NASDAQ,,,US,,2026-10-04,sec_filer_category_proxy,Large accelerated filer,2026-09-03,https://www.sec.gov/files/company_tickers_exchange.json,apps/supply-chain/domestic.json
379,0001314052,AVXL,ANAVEX LIFE SCIENCES CORP.,NASDAQ,,,US,,2026-10-04,sec_filer_category_proxy,Large accelerated filer<br>Smaller reporting company,2026-08-28,https://www.sec.gov/files/company_tickers_exchange.json,apps/supply-chain/domestic.json
380,0001820953,AFRM,"Affirm Holdings, Inc.",NASDAQ,,,US,,2026-10-04,sec_filer_category_proxy,Large accelerated filer,2026-08-27,https://www.sec.gov/files/company_tickers_exchange.json,apps/supply-chain/domestic.json
381,0001878848,IREN,IREN Ltd,NASDAQ,,,Australia,,2026-10-04,sec_filer_category_proxy,Large accelerated filer,2026-08-27,https://www.sec.gov/files/company_tickers_exchange.json,apps/supply-chain/domestic.json
382,0001069899,PAHC,PHIBRO ANIMAL HEALTH CORP,NASDAQ,,,US,,2026-10-04,sec_filer_category_proxy,Large accelerated filer,2026-08-26,https://www.sec.gov/files/company_tickers_exchange.json,apps/supply-chain/domestic.json
383,0001117297,QNST,"QUINSTREET, INC",NASDAQ,,,US,,2026-10-04,sec_filer_category_proxy,Large accelerated filer,2026-08-26,https://www.sec.gov/files/company_tickers_exchange.json,apps/supply-chain/domestic.json
384,0000057515,MZTI,MARZETTI CO,NASDAQ,,,US,,2026-10-04,sec_filer_category_proxy,Large accelerated filer,2026-08-25,https://www.sec.gov/files/company_tickers_exchange.json,apps/supply-chain/domestic.json
385,0000069633,NSSC,"NAPCO SECURITY TECHNOLOGIES, INC",NASDAQ,,,US,,2026-10-04,sec_filer_category_proxy,Large accelerated filer,2026-08-24,https://www.sec.gov/files/company_tickers_exchange.json,apps/supply-chain/domestic.json
386,0001039065,OSIS,OSI SYSTEMS INC,NASDAQ,,,US,,2026-10-04,sec_filer_category_proxy,Large accelerated filer,2026-08-21,https://www.sec.gov/files/company_tickers_exchange.json,apps/supply-chain/domestic.json
387,0001511737,UI,Ubiquiti Inc.,NYSE,,,US,,2026-10-04,sec_filer_category_proxy,Large accelerated filer,2026-08-21,https://www.sec.gov/files/company_tickers_exchange.json,apps/supply-chain/domestic.json
388,0001299709,AX,"Axos Financial, Inc.",NYSE,,,US,,2026-10-04,sec_filer_category_proxy,Large accelerated filer,2026-08-20,https://www.sec.gov/files/company_tickers_exchange.json,apps/supply-chain/domestic.json
389,0001786352,BILL,"BILL Holdings, Inc.",NYSE,,,US,,2026-10-04,sec_filer_category_proxy,Large accelerated filer,2026-08-20,https://www.sec.gov/files/company_tickers_exchange.json,apps/supply-chain/domestic.json
390,0001024305,COTY,COTY INC.,NYSE,,,US,,2026-10-04,sec_filer_category_proxy,Large accelerated filer,2026-08-20,https://www.sec.gov/files/company_tickers_exchange.json,apps/supply-chain/domestic.json
391,0000918965,SCSC,"SCANSOURCE, INC.",NASDAQ,,,US,,2026-10-04,sec_filer_category_proxy,Large accelerated filer,2026-08-20,https://www.sec.gov/files/company_tickers_exchange.json,apps/supply-chain/domestic.json
392,0000703351,EAT,"BRINKER INTERNATIONAL, INC",NYSE,,,US,,2026-10-04,sec_filer_category_proxy,Large accelerated filer,2026-08-19,https://www.sec.gov/files/company_tickers_exchange.json,apps/supply-chain/domestic.json
393,0000880117,JBSS,SANFILIPPO JOHN B & SON INC,NASDAQ,,,US,,2026-10-04,sec_filer_category_proxy,Large accelerated filer,2026-08-19,https://www.sec.gov/files/company_tickers_exchange.json,apps/supply-chain/domestic.json
394,0001408710,FN,Fabrinet,NYSE,,,Cayman Islands,,2026-10-04,sec_filer_category_proxy,Large accelerated filer,2026-08-18,https://www.sec.gov/files/company_tickers_exchange.json,apps/supply-chain/domestic.json
395,0001049521,MRCY,MERCURY SYSTEMS INC,NASDAQ,,,US,,2026-10-04,sec_filer_category_proxy,Large accelerated filer,2026-08-18,https://www.sec.gov/files/company_tickers_exchange.json,apps/supply-chain/domestic.json
396,0001078271,EXTR,EXTREME NETWORKS INC,NASDAQ,,,US,,2026-10-04,sec_filer_category_proxy,Large accelerated filer,2026-08-17,https://www.sec.gov/files/company_tickers_exchange.json,apps/supply-chain/domestic.json
397,0001650372,TEAM,Atlassian Corp,NASDAQ,,,US,,2026-10-04,sec_filer_category_proxy,Large accelerated filer,2026-08-14,https://www.sec.gov/files/company_tickers_exchange.json,apps/supply-chain/domestic.json
398,0000008858,AVT,AVNET INC,NASDAQ,,,US,,2026-10-04,sec_filer_category_proxy,Large accelerated filer,2026-08-14,https://www.sec.gov/files/company_tickers_exchange.json,apps/supply-chain/domestic.json
399,0000012659,HRB,H&R BLOCK INC,NYSE,,,US,,2026-10-04,sec_filer_category_proxy,Large accelerated filer,2026-08-14,https://www.sec.gov/files/company_tickers_exchange.json,apps/supply-chain/domestic.json
400,0001565687,INTA,"Intapp, Inc.",NASDAQ,,,US,,2026-10-04,sec_filer_category_proxy,Large accelerated filer,2026-08-14,https://www.sec.gov/files/company_tickers_exchange.json,apps/supply-chain/domestic.json
401,0000310354,SXI,STANDEX INTERNATIONAL CORP/DE/,NYSE,,,US,,2026-10-04,sec_filer_category_proxy,Large accelerated filer,2026-08-14,https://www.sec.gov/files/company_tickers_exchange.json,apps/supply-chain/domestic.json
402,0000109563,AIT,APPLIED INDUSTRIAL TECHNOLOGIES INC,NYSE,,,US,,2026-10-04,sec_filer_category_proxy,Large accelerated filer,2026-08-13,https://www.sec.gov/files/company_tickers_exchange.json,apps/supply-chain/domestic.json
403,0001690437,BAR,GraniteShares Gold Trust,NYSE,,,US,,2026-10-04,sec_filer_category_proxy,Large accelerated filer,2026-08-13,https://www.sec.gov/files/company_tickers_exchange.json,apps/supply-chain/domestic.json
404,0001636519,MSGS,Madison Square Garden Sports Corp.,NYSE,,,US,,2026-10-04,sec_filer_category_proxy,Large accelerated filer,2026-08-13,https://www.sec.gov/files/company_tickers_exchange.json,apps/supply-chain/domestic.json
405,0000912093,VIAV,VIAVI SOLUTIONS INC.,NASDAQ,,,US,,2026-10-04,sec_filer_category_proxy,Large accelerated filer,2026-08-13,https://www.sec.gov/files/company_tickers_exchange.json,apps/supply-chain/domestic.json
406,0000017843,CRS,CARPENTER TECHNOLOGY CORP,NYSE,,,US,,2026-10-04,sec_filer_category_proxy,Large accelerated filer,2026-08-12,https://www.sec.gov/files/company_tickers_exchange.json,apps/supply-chain/domestic.json
407,0000055242,KMT,KENNAMETAL INC,NYSE,,,US,,2026-10-04,sec_filer_category_proxy,Large accelerated filer,2026-08-12,https://www.sec.gov/files/company_tickers_exchange.json,apps/supply-chain/domestic.json
408,0001952073,MSGE,Madison Square Garden Entertainment Corp.,NYSE,,,US,,2026-10-04,sec_filer_category_proxy,Large accelerated filer,2026-08-12,https://www.sec.gov/files/company_tickers_exchange.json,apps/supply-chain/domestic.json
409,0001618673,PFGC,Performance Food Group Co,NYSE,,,US,,2026-10-04,sec_filer_category_proxy,Large accelerated filer,2026-08-12,https://www.sec.gov/files/company_tickers_exchange.json,apps/supply-chain/domestic.json
410,0001834488,NABL,"N-able, Inc.",NYSE,,,US,,2026-10-04,sec_filer_category_proxy,Large accelerated filer,2026-08-10,https://www.sec.gov/files/company_tickers_exchange.json,apps/supply-chain/domestic.json
411,0000817720,SYNA,SYNAPTICS Inc,NASDAQ,,,US,,2026-10-04,sec_filer_category_proxy,Large accelerated filer,2026-08-10,https://www.sec.gov/files/company_tickers_exchange.json,apps/supply-chain/domestic.json
412,0001262976,CMPR,CIMPRESS plc,NASDAQ,,,Ireland,,2026-10-04,sec_filer_category_proxy,Large accelerated filer,2026-08-07,https://www.sec.gov/files/company_tickers_exchange.json,apps/supply-chain/domestic.json
413,0001564708,NWS,NEWS CORP,NASDAQ,,,US,,2026-10-04,sec_filer_category_proxy,Large accelerated filer,2026-08-07,https://www.sec.gov/files/company_tickers_exchange.json,apps/supply-chain/domestic.json
414,0000016058,CACI,CACI INTERNATIONAL INC /DE/,NYSE,,,US,,2026-10-04,sec_filer_category_proxy,Large accelerated filer,2026-08-06,https://www.sec.gov/files/company_tickers_exchange.json,apps/supply-chain/domestic.json
415,0000730464,CVSA,Covista Inc.,NYSE,,,US,,2026-10-04,sec_filer_category_proxy,Large accelerated filer,2026-08-06,https://www.sec.gov/files/company_tickers_exchange.json,apps/supply-chain/domestic.json
416,0001002638,OTEX,OPEN TEXT CORP,NASDAQ,,,Canada,,2026-10-04,sec_filer_category_proxy,Large accelerated filer,2026-08-06,https://www.sec.gov/files/company_tickers_exchange.json,apps/supply-chain/domestic.json
417,0001639825,PTON,"PELOTON INTERACTIVE, INC.",NASDAQ,,,US,,2026-10-04,sec_filer_category_proxy,Large accelerated filer,2026-08-06,https://www.sec.gov/files/company_tickers_exchange.json,apps/supply-chain/domestic.json
418,0001591698,PCTY,Paylocity Holding Corp,NASDAQ,,,US,,2026-10-04,sec_filer_category_proxy,Large accelerated filer,2026-08-05,https://www.sec.gov/files/company_tickers_exchange.json,apps/supply-chain/domestic.json
419,0001157408,LRN,"Stride, Inc.",NYSE,,,US,,2026-10-04,sec_filer_category_proxy,Large accelerated filer,2026-08-05,https://www.sec.gov/files/company_tickers_exchange.json,apps/supply-chain/domestic.json
420,0000944148,CBZ,"CBIZ, Inc.",NYSE,,,US,,2026-10-04,sec_filer_category_proxy,Large accelerated filer,2026-08-04,https://www.sec.gov/files/company_tickers_exchange.json,apps/supply-chain/domestic.json
421,0000711377,NEOG,NEOGEN CORP,NASDAQ,,,US,,2026-10-04,sec_filer_category_proxy,Large accelerated filer,2026-07-30,https://www.sec.gov/files/company_tickers_exchange.json,apps/supply-chain/domestic.json
422,0000108516,WOR,"WORTHINGTON ENTERPRISES, INC.",NYSE,,,US,,2026-10-04,sec_filer_category_proxy,Large accelerated filer,2026-07-30,https://www.sec.gov/files/company_tickers_exchange.json,apps/supply-chain/domestic.json
423,0001968487,WS,"Worthington Steel, Inc.",NYSE,,,US,,2026-10-04,sec_filer_category_proxy,Large accelerated filer,2026-07-30,https://www.sec.gov/files/company_tickers_exchange.json,apps/supply-chain/domestic.json
424,0001144879,APLD,Applied Digital Corp.,NASDAQ,,,US,,2026-10-04,sec_filer_category_proxy,Large accelerated filer,2026-07-29,https://www.sec.gov/files/company_tickers_exchange.json,apps/supply-chain/domestic.json
425,0001720424,HIVE,HIVE Digital Technologies Ltd.,NASDAQ,,,Canada,,2026-10-04,sec_filer_category_proxy,Large accelerated filer,2026-07-29,https://www.sec.gov/files/company_tickers_exchange.json,apps/supply-chain/domestic.json
426,0001731348,TLRY,"Tilray Brands, Inc.",NASDAQ,,,US,,2026-10-04,sec_filer_category_proxy,Large accelerated filer,2026-07-28,https://www.sec.gov/files/company_tickers_exchange.json,apps/supply-chain/domestic.json
427,0001679273,LW,"Lamb Weston Holdings, Inc.",NYSE,,,US,,2026-10-04,sec_filer_category_proxy,Large accelerated filer,2026-07-24,https://www.sec.gov/files/company_tickers_exchange.json,apps/supply-chain/domestic.json
428,0000866729,SCHL,SCHOLASTIC CORP,NASDAQ,,,US,,2026-10-04,sec_filer_category_proxy,Large accelerated filer,2026-07-24,https://www.sec.gov/files/company_tickers_exchange.json,apps/supply-chain/domestic.json
429,0000001750,AIR,AAR CORP,NYSE,,,US,,2026-10-04,sec_filer_category_proxy,Large accelerated filer,2026-07-22,https://www.sec.gov/files/company_tickers_exchange.json,apps/supply-chain/domestic.json
430,0000016160,CALM,CAL-MAINE FOODS INC,NASDAQ,,,US,,2026-10-04,sec_filer_category_proxy,Large accelerated filer,2026-07-22,https://www.sec.gov/files/company_tickers_exchange.json,apps/supply-chain/domestic.json
431,0000110621,RPM,RPM INTERNATIONAL INC/DE/,NYSE,,,US,,2026-10-04,sec_filer_category_proxy,Large accelerated filer,2026-07-22,https://www.sec.gov/files/company_tickers_exchange.json,apps/supply-chain/domestic.json
432,0000066382,MLKN,"MILLERKNOLL, INC.",NASDAQ,,,US,,2026-10-04,sec_filer_category_proxy,Large accelerated filer,2026-07-20,https://www.sec.gov/files/company_tickers_exchange.json,apps/supply-chain/domestic.json
433,0000023217,CAG,CONAGRA BRANDS INC.,NYSE,,,US,,2026-10-04,sec_filer_category_proxy,Large accelerated filer,2026-07-15,https://www.sec.gov/files/company_tickers_exchange.json,apps/supply-chain/domestic.json
434,0000069891,FIZZ,NATIONAL BEVERAGE CORP,NASDAQ,,,US,,2026-10-04,sec_filer_category_proxy,Large accelerated filer,2026-07-01,https://www.sec.gov/files/company_tickers_exchange.json,apps/supply-chain/domestic.json
435,0000715072,RNST,RENASANT CORP,NYSE,,,US,,2026-10-04,sec_filer_category_proxy,Large accelerated filer,2026-07-01,https://www.sec.gov/files/company_tickers_exchange.json,apps/supply-chain/domestic.json
436,0001368622,AVAV,AeroVironment Inc,NASDAQ,,,US,,2026-10-04,sec_filer_category_proxy,Large accelerated filer,2026-06-29,https://www.sec.gov/files/company_tickers_exchange.json,apps/supply-chain/domestic.json
437,0000056679,KFY,KORN FERRY,NYSE,,,US,,2026-10-04,sec_filer_category_proxy,Large accelerated filer,2026-06-26,https://www.sec.gov/files/company_tickers_exchange.json,apps/supply-chain/domestic.json
438,0001577526,AI,"C3.ai, Inc.",NYSE,,,US,,2026-10-04,sec_filer_category_proxy,Large accelerated filer,2026-06-24,https://www.sec.gov/files/company_tickers_exchange.json,apps/supply-chain/domestic.json
439,0000915779,DAKT,DAKTRONICS INC /SD/,NASDAQ,,,US,,2026-10-04,sec_filer_category_proxy,Large accelerated filer,2026-06-24,https://www.sec.gov/files/company_tickers_exchange.json,apps/supply-chain/domestic.json
440,0000107140,WLY,"JOHN WILEY & SONS, INC.",NYSE,,,US,,2026-10-04,sec_filer_category_proxy,Large accelerated filer,2026-06-24,https://www.sec.gov/files/company_tickers_exchange.json,apps/supply-chain/domestic.json
441,0000057131,LZB,LA-Z-BOY INC,NYSE,,,US,,2026-10-04,sec_filer_category_proxy,Large accelerated filer,2026-06-16,https://www.sec.gov/files/company_tickers_exchange.json,apps/supply-chain/domestic.json
442,0001807794,CRDO,Credo Technology Group Holding Ltd,NASDAQ,,,Cayman Islands,,2026-10-04,sec_filer_category_proxy,Large accelerated filer,2026-06-15,https://www.sec.gov/files/company_tickers_exchange.json,apps/supply-chain/domestic.json
443,0000014693,BF-A,BROWN FORMAN CORP,NYSE,,,US,,2026-10-04,sec_filer_category_proxy,Large accelerated filer,2026-06-12,https://www.sec.gov/files/company_tickers_exchange.json,apps/supply-chain/domestic.json
444,0001707753,ESTC,Elastic N.V.,NYSE,,,US,,2026-10-04,sec_filer_category_proxy,Large accelerated filer,2026-06-08,https://www.sec.gov/files/company_tickers_exchange.json,apps/supply-chain/domestic.json
445,0001836833,PL,Planet Labs PBC,NYSE,,,US,,2026-10-04,sec_filer_category_proxy,Large accelerated filer,2026-06-05,https://www.sec.gov/files/company_tickers_exchange.json,apps/supply-chain/domestic.json
446,0000924805,FRHC,Freedom Holding Corp.,NASDAQ,,,US,,2026-10-04,sec_filer_category_proxy,Large accelerated filer,2026-06-01,https://www.sec.gov/files/company_tickers_exchange.json,apps/supply-chain/domestic.json
447,0001883085,PGY,Pagaya Technologies Ltd.,NASDAQ,,,Israel,,2026-10-04,sec_filer_category_proxy,Large accelerated filer,2026-06-01,https://www.sec.gov/files/company_tickers_exchange.json,apps/supply-chain/domestic.json
448,0000102037,UVV,UNIVERSAL CORP /VA/,NYSE,,,US,,2026-10-04,sec_filer_category_proxy,Large accelerated filer,2026-06-01,https://www.sec.gov/files/company_tickers_exchange.json,apps/supply-chain/domestic.json
449,0001867072,KD,"Kyndryl Holdings, Inc.",NYSE,,,US,,2026-10-04,sec_filer_category_proxy,Large accelerated filer,2026-05-29,https://www.sec.gov/files/company_tickers_exchange.json,apps/supply-chain/domestic.json
450,0000797721,VSAT,VIASAT INC,NASDAQ,,,US,,2026-10-04,sec_filer_category_proxy,Large accelerated filer,2026-05-29,https://www.sec.gov/files/company_tickers_exchange.json,apps/supply-chain/domestic.json
451,0001022408,PLUS,EPLUS INC,NASDAQ,,,US,,2026-10-04,sec_filer_category_proxy,Large accelerated filer,2026-05-28,https://www.sec.gov/files/company_tickers_exchange.json,apps/supply-chain/domestic.json
452,0000880807,AMSC,AMERICAN SUPERCONDUCTOR CORP /DE/,NASDAQ,,,US,,2026-10-04,sec_filer_category_proxy,Large accelerated filer,2026-05-27,https://www.sec.gov/files/company_tickers_exchange.json,apps/supply-chain/domestic.json
453,0001530721,CPRI,Capri Holdings Ltd,NYSE,,,"Virgin Islands, British",,2026-10-04,sec_filer_category_proxy,Large accelerated filer,2026-05-27,https://www.sec.gov/files/company_tickers_exchange.json,apps/supply-chain/domestic.json
454,0001596993,LPG,DORIAN LPG LTD.,NYSE,,,Marshall Islands,,2026-10-04,sec_filer_category_proxy,Large accelerated filer,2026-05-27,https://www.sec.gov/files/company_tickers_exchange.json,apps/supply-chain/domestic.json
455,0002052959,LION,Lionsgate Studios Corp.,NYSE,,,Canada,,2026-10-04,sec_filer_category_proxy,Large accelerated filer,2026-05-27,https://www.sec.gov/files/company_tickers_exchange.json,apps/supply-chain/domestic.json
456,0000067347,MOD,MODINE MANUFACTURING CO,NYSE,,,US,,2026-10-04,sec_filer_category_proxy,Large accelerated filer,2026-05-27,https://www.sec.gov/files/company_tickers_exchange.json,apps/supply-chain/domestic.json
457,0001796022,STEP,StepStone Group Inc.,NASDAQ,,,US,,2026-10-04,sec_filer_category_proxy,Large accelerated filer,2026-05-27,https://www.sec.gov/files/company_tickers_exchange.json,apps/supply-chain/domestic.json
458,0000099302,TRNS,TRANSCAT INC,NASDAQ,,,US,,2026-10-04,sec_filer_category_proxy,Large accelerated filer,2026-05-27,https://www.sec.gov/files/company_tickers_exchange.json,apps/supply-chain/domestic.json
459,0000004457,UHAL,U-Haul Holding Co /NV/,NYSE,,,US,,2026-10-04,sec_filer_category_proxy,Large accelerated filer,2026-05-27,https://www.sec.gov/files/company_tickers_exchange.json,apps/supply-chain/domestic.json
460,0000090896,SKY,"Champion Homes, Inc.",NYSE,,,US,,2026-10-04,sec_filer_category_proxy,Large accelerated filer,2026-05-26,https://www.sec.gov/files/company_tickers_exchange.json,apps/supply-chain/domestic.json
461,0001624794,CSW,"CSW INDUSTRIALS, INC.",NYSE,,,US,,2026-10-04,sec_filer_category_proxy,Large accelerated filer,2026-05-26,https://www.sec.gov/files/company_tickers_exchange.json,apps/supply-chain/domestic.json
462,0001443646,BAH,Booz Allen Hamilton Holding Corp,NYSE,,,US,,2026-10-04,sec_filer_category_proxy,Large accelerated filer,2026-05-22,https://www.sec.gov/files/company_tickers_exchange.json,apps/supply-chain/domestic.json
463,0000278166,CVCO,"CAVCO INDUSTRIES, INC.",NASDAQ,,,US,,2026-10-04,sec_filer_category_proxy,Large accelerated filer,2026-05-22,https://www.sec.gov/files/company_tickers_exchange.json,apps/supply-chain/domestic.json
464,0000874866,CRVL,CORVEL CORP,NASDAQ,,,US,,2026-10-04,sec_filer_category_proxy,Large accelerated filer,2026-05-22,https://www.sec.gov/files/company_tickers_exchange.json,apps/supply-chain/domestic.json
465,0001302215,HLI,"HOULIHAN LOKEY, INC.",NYSE,,,US,,2026-10-04,sec_filer_category_proxy,Large accelerated filer,2026-05-22,https://www.sec.gov/files/company_tickers_exchange.json,apps/supply-chain/domestic.json
466,0001604028,WMS,"ADVANCED DRAINAGE SYSTEMS, INC.",NYSE,,,US,,2026-10-04,sec_filer_category_proxy,Large accelerated filer,2026-05-21,https://www.sec.gov/files/company_tickers_exchange.json,apps/supply-chain/domestic.json
467,0000078749,AGYS,AGILYSYS INC,NASDAQ,,,US,,2026-10-04,sec_filer_category_proxy,Large accelerated filer,2026-05-21,https://www.sec.gov/files/company_tickers_exchange.json,apps/supply-chain/domestic.json
468,0000866291,ALGM,"ALLEGRO MICROSYSTEMS, INC.",NASDAQ,,,US,,2026-10-04,sec_filer_category_proxy,Large accelerated filer,2026-05-21,https://www.sec.gov/files/company_tickers_exchange.json,apps/supply-chain/domestic.json
469,0000772406,CRUS,"CIRRUS LOGIC, INC.",NASDAQ,,,US,,2026-10-04,sec_filer_category_proxy,Large accelerated filer,2026-05-21,https://www.sec.gov/files/company_tickers_exchange.json,apps/supply-chain/domestic.json
470,0001600033,ELF,"e.l.f. Beauty, Inc.",NYSE,,,US,,2026-10-04,sec_filer_category_proxy,Large accelerated filer,2026-05-21,https://www.sec.gov/files/company_tickers_exchange.json,apps/supply-chain/domestic.json
471,0000849399,GENVR,Gen Digital Inc.,NASDAQ,,,US,,2026-10-04,sec_filer_category_proxy,Large accelerated filer,2026-05-21,https://www.sec.gov/files/company_tickers_exchange.json,apps/supply-chain/domestic.json
472,0001433642,HLNE,Hamilton Lane INC,NASDAQ,,,US,,2026-10-04,sec_filer_category_proxy,Large accelerated filer,2026-05-21,https://www.sec.gov/files/company_tickers_exchange.json,apps/supply-chain/domestic.json
473,0000733269,RAMP,"LiveRamp Holdings, Inc.",NYSE,,,US,,2026-10-04,sec_filer_category_proxy,Large accelerated filer,2026-05-21,https://www.sec.gov/files/company_tickers_exchange.json,apps/supply-chain/domestic.json
474,0001032975,LOGI,LOGITECH INTERNATIONAL S.A.,NASDAQ,,,US,,2026-10-04,sec_filer_category_proxy,Large accelerated filer,2026-05-21,https://www.sec.gov/files/company_tickers_exchange.json,apps/supply-chain/domestic.json
475,0001773383,DT,"Dynatrace, Inc.",NYSE,,,US,,2026-10-04,sec_filer_category_proxy,Large accelerated filer,2026-05-20,https://www.sec.gov/files/company_tickers_exchange.json,apps/supply-chain/domestic.json
476,0001289308,ENS,EnerSys,NYSE,,,US,,2026-10-04,sec_filer_category_proxy,Large accelerated filer,2026-05-20,https://www.sec.gov/files/company_tickers_exchange.json,apps/supply-chain/domestic.json
477,0000313143,HAE,HAEMONETICS CORP,NYSE,,,US,,2026-10-04,sec_filer_category_proxy,Large accelerated filer,2026-05-20,https://www.sec.gov/files/company_tickers_exchange.json,apps/supply-chain/domestic.json
478,0001764013,IMVT,"Immunovant, Inc.",NASDAQ,,,US,,2026-10-04,sec_filer_category_proxy,Large accelerated filer,2026-05-20,https://www.sec.gov/files/company_tickers_exchange.json,apps/supply-chain/domestic.json
479,0001635088,ROIV,Roivant Sciences Ltd.,NASDAQ,,,Bermuda,,2026-10-04,sec_filer_category_proxy,Large accelerated filer,2026-05-20,https://www.sec.gov/files/company_tickers_exchange.json,apps/supply-chain/domestic.json
480,0000103379,VFC,V F CORP,NYSE,,,US,,2026-10-04,sec_filer_category_proxy,Large accelerated filer,2026-05-20,https://www.sec.gov/files/company_tickers_exchange.json,apps/supply-chain/domestic.json
481,0001516513,DOCS,"Doximity, Inc.",NYSE,,,US,,2026-10-04,sec_filer_category_proxy,Large accelerated filer,2026-05-19,https://www.sec.gov/files/company_tickers_exchange.json,apps/supply-chain/domestic.json
482,0001804745,DRVN,Driven Brands Holdings Inc.,NASDAQ,,,US,,2026-10-04,sec_filer_category_proxy,Large accelerated filer,2026-05-19,https://www.sec.gov/files/company_tickers_exchange.json,apps/supply-chain/domestic.json
483,0000918646,EXP,EAGLE MATERIALS INC,NYSE,,,US,,2026-10-04,sec_filer_category_proxy,Large accelerated filer,2026-05-19,https://www.sec.gov/files/company_tickers_exchange.json,apps/supply-chain/domestic.json
484,0001159152,JHX,James Hardie Industries plc,NYSE,,,Ireland,,2026-10-04,sec_filer_category_proxy,Large accelerated filer,2026-05-19,https://www.sec.gov/files/company_tickers_exchange.json,apps/supply-chain/domestic.json
485,0001852131,NXT,Nextpower Inc.,NASDAQ,,,US,,2026-10-04,sec_filer_category_proxy,Large accelerated filer,2026-05-19,https://www.sec.gov/files/company_tickers_exchange.json,apps/supply-chain/domestic.json
486,0001336917,UA,"Under Armour, Inc.",NYSE,,,US,,2026-10-04,sec_filer_category_proxy,Large accelerated filer,2026-05-19,https://www.sec.gov/files/company_tickers_exchange.json,apps/supply-chain/domestic.json
487,0001324948,RBC,RBC Bearings INC,NYSE,,,US,,2026-10-04,sec_filer_category_proxy,Large accelerated filer,2026-05-15,https://www.sec.gov/files/company_tickers_exchange.json,apps/supply-chain/domestic.json
488,0001610250,BOOT,"Boot Barn Holdings, Inc.",NYSE,,,US,,2026-10-04,sec_filer_category_proxy,Large accelerated filer,2026-05-14,https://www.sec.gov/files/company_tickers_exchange.json,apps/supply-chain/domestic.json
489,0001078075,NTCT,NETSCOUT SYSTEMS INC,NASDAQ,,,US,,2026-10-04,sec_filer_category_proxy,Large accelerated filer,2026-05-14,https://www.sec.gov/files/company_tickers_exchange.json,apps/supply-chain/domestic.json
490,0001295947,PBH,Prestige Consumer Healthcare Inc.,NYSE,,,US,,2026-10-04,sec_filer_category_proxy,Large accelerated filer,2026-05-14,https://www.sec.gov/files/company_tickers_exchange.json,apps/supply-chain/domestic.json
491,0000046250,HWKN,HAWKINS INC,NASDAQ,,,US,,2026-10-04,sec_filer_category_proxy,Large accelerated filer,2026-05-13,https://www.sec.gov/files/company_tickers_exchange.json,apps/supply-chain/domestic.json
492,0001169561,CVLT,COMMVAULT SYSTEMS INC,NASDAQ,,,US,,2026-10-04,sec_filer_category_proxy,Large accelerated filer,2026-05-11,https://www.sec.gov/files/company_tickers_exchange.json,apps/supply-chain/domestic.json
493,0001373670,GRBK,"Green Brick Partners, Inc.",NYSE,,,US,,2026-10-04,sec_filer_category_proxy,Large accelerated filer,2026-05-11,https://www.sec.gov/files/company_tickers_exchange.json,apps/supply-chain/domestic.json
494,0000030305,DCO,DUCOMMUN INC /DE/,NYSE,,,US,,2026-10-04,sec_filer_category_proxy,Large accelerated filer,2026-05-08,https://www.sec.gov/files/company_tickers_exchange.json,apps/supply-chain/domestic.json
495,0001688568,DXC,DXC Technology Co,NYSE,,,US,,2026-10-04,sec_filer_category_proxy,Large accelerated filer,2026-05-08,https://www.sec.gov/files/company_tickers_exchange.json,apps/supply-chain/domestic.json
496,0001604778,QRVO,"Qorvo, Inc.",NASDAQ,,,US,,2026-10-04,sec_filer_category_proxy,Large accelerated filer,2026-05-08,https://www.sec.gov/files/company_tickers_exchange.json,apps/supply-chain/domestic.json
497,0001411579,AMC,"AMC ENTERTAINMENT HOLDINGS, INC.",NYSE,,,US,,2026-10-04,sec_filer_category_proxy,Large accelerated filer,2026-04-30,https://www.sec.gov/files/company_tickers_exchange.json,apps/supply-chain/domestic.json
498,0001467760,ARI,"Apollo Commercial Real Estate Finance, Inc.",NYSE,,,US,,2026-10-04,sec_filer_category_proxy,Large accelerated filer,2026-04-30,https://www.sec.gov/files/company_tickers_exchange.json,apps/supply-chain/domestic.json
499,0001704720,CNNE,"Cannae Holdings, Inc.",NYSE,,,US,,2026-10-04,sec_filer_category_proxy,Large accelerated filer,2026-04-30,https://www.sec.gov/files/company_tickers_exchange.json,apps/supply-chain/domestic.json
500,0001651562,COUR,"Coursera, Inc.",NYSE,,,US,,2026-10-04,sec_filer_category_proxy,Large accelerated filer,2026-04-30,https://www.sec.gov/files/company_tickers_exchange.json,apps/supply-chain/domestic.json
501,0001415404,ECHO,EchoStar CORP,NASDAQ,,,US,,2026-10-04,sec_filer_category_proxy,Large accelerated filer,2026-04-30,https://www.sec.gov/files/company_tickers_exchange.json,apps/supply-chain/domestic.json
502,0001690680,NMRK,"NEWMARK GROUP, INC.",NASDAQ,,,US,,2026-10-04,sec_filer_category_proxy,Large accelerated filer,2026-04-30,https://www.sec.gov/files/company_tickers_exchange.json,apps/supply-chain/domestic.json
503,0001516912,OBK,"Origin Bancorp, Inc.",NYSE,,,US,,2026-10-04,sec_filer_category_proxy,Large accelerated filer,2026-04-30,https://www.sec.gov/files/company_tickers_exchange.json,apps/supply-chain/domestic.json
504,0001137091,PSIX,"POWER SOLUTIONS INTERNATIONAL, INC.",NASDAQ,,,US,,2026-10-04,sec_filer_category_proxy,Large accelerated filer,2026-04-30,https://www.sec.gov/files/company_tickers_exchange.json,apps/supply-chain/domestic.json
505,0001527590,RC,Ready Capital Corp,NYSE,,,US,,2026-10-04,sec_filer_category_proxy,Large accelerated filer,2026-04-30,https://www.sec.gov/files/company_tickers_exchange.json,apps/supply-chain/domestic.json
506,0001384905,RNG,"RingCentral, Inc.",NYSE,,,US,,2026-10-04,sec_filer_category_proxy,Large accelerated filer,2026-04-30,https://www.sec.gov/files/company_tickers_exchange.json,apps/supply-chain/domestic.json
507,0001662991,SEZL,Sezzle Inc.,NASDAQ,,,US,,2026-10-04,sec_filer_category_proxy,Large accelerated filer,2026-04-30,https://www.sec.gov/files/company_tickers_exchange.json,apps/supply-chain/domestic.json
508,0001849635,DJT,Trump Media & Technology Group Corp.,NASDAQ,,,US,,2026-10-04,sec_filer_category_proxy,Large accelerated filer,2026-04-30,https://www.sec.gov/files/company_tickers_exchange.json,apps/supply-chain/domestic.json
509,0001631574,WVE,"Wave Life Sciences, Inc.",NASDAQ,,,US,,2026-10-04,sec_filer_category_proxy,Large accelerated filer,2026-04-30,https://www.sec.gov/files/company_tickers_exchange.json,apps/supply-chain/domestic.json
510,0001477333,NET,"Cloudflare, Inc.",NYSE,,,US,,2026-10-04,sec_filer_category_proxy,Large accelerated filer,2026-04-29,https://www.sec.gov/files/company_tickers_exchange.json,apps/supply-chain/domestic.json
511,0001981792,HHH,Howard Hughes Holdings Inc.,NYSE,,,US,,2026-10-04,sec_filer_category_proxy,Large accelerated filer,2026-04-29,https://www.sec.gov/files/company_tickers_exchange.json,apps/supply-chain/domestic.json
512,0001594805,SHOP,SHOPIFY INC.,NASDAQ,,,Canada,,2026-10-04,sec_filer_category_proxy,Large accelerated filer,2026-04-29,https://www.sec.gov/files/company_tickers_exchange.json,apps/supply-chain/domestic.json
513,0001094831,BGC,"BGC Group, Inc.",NASDAQ,,,US,,2026-10-04,sec_filer_category_proxy,Large accelerated filer,2026-04-28,https://www.sec.gov/files/company_tickers_exchange.json,apps/supply-chain/domestic.json
514,0000834365,BLFS,BIOLIFE SOLUTIONS INC,NASDAQ,,,US,,2026-10-04,sec_filer_category_proxy,Large accelerated filer,2026-04-28,https://www.sec.gov/files/company_tickers_exchange.json,apps/supply-chain/domestic.json
515,0001576427,CRTO,Criteo S.A.,NASDAQ,,,Luxembourg,,2026-10-04,sec_filer_category_proxy,Large accelerated filer,2026-04-28,https://www.sec.gov/files/company_tickers_exchange.json,apps/supply-chain/domestic.json
516,0000104894,ELME,Elme Communities,NYSE,,,US,,2026-10-04,sec_filer_category_proxy,Large accelerated filer,2026-04-28,https://www.sec.gov/files/company_tickers_exchange.json,apps/supply-chain/domestic.json
517,0001646972,ACI,"Albertsons Companies, Inc.",NYSE,,,US,,2026-10-04,sec_filer_category_proxy,Large accelerated filer,2026-04-27,https://www.sec.gov/files/company_tickers_exchange.json,apps/supply-chain/domestic.json
518,0001465740,TWOD,TWO HARBORS INVESTMENT CORP.,NYSE,,,US,,2026-10-04,sec_filer_category_proxy,Large accelerated filer,2026-04-27,https://www.sec.gov/files/company_tickers_exchange.json,apps/supply-chain/domestic.json
519,0000006845,APOG,"APOGEE ENTERPRISES, INC.",NASDAQ,,,US,,2026-10-04,sec_filer_category_proxy,Large accelerated filer,2026-04-24,https://www.sec.gov/files/company_tickers_exchange.json,apps/supply-chain/domestic.json
520,0001232524,JAZZ,Jazz Pharmaceuticals plc,NASDAQ,,,Ireland,,2026-10-04,sec_filer_category_proxy,Large accelerated filer,2026-04-24,https://www.sec.gov/files/company_tickers_exchange.json,apps/supply-chain/domestic.json
521,0001549346,SSTK,"Shutterstock, Inc.",NYSE,,,US,,2026-10-04,sec_filer_category_proxy,Large accelerated filer,2026-04-24,https://www.sec.gov/files/company_tickers_exchange.json,apps/supply-chain/domestic.json
522,0000016875,CP,CANADIAN PACIFIC KANSAS CITY LTD/CN,NYSE,,,Canada,,2026-10-04,sec_filer_category_proxy,Large accelerated filer,2026-04-23,https://www.sec.gov/files/company_tickers_exchange.json,apps/supply-chain/domestic.json
523,0000916789,HELE,HELEN OF TROY LTD,NASDAQ,,,Bermuda,,2026-10-04,sec_filer_category_proxy,Large accelerated filer,2026-04-23,https://www.sec.gov/files/company_tickers_exchange.json,apps/supply-chain/domestic.json
524,0000008947,AZZ,AZZ INC,NYSE,,,US,,2026-10-04,sec_filer_category_proxy,Large accelerated filer,2026-04-22,https://www.sec.gov/files/company_tickers_exchange.json,apps/supply-chain/domestic.json
525,0001889539,CRBD,"Corebridge Financial, Inc.",NYSE,,,US,,2026-10-04,sec_filer_category_proxy,Large accelerated filer,2026-04-22,https://www.sec.gov/files/company_tickers_exchange.json,apps/supply-chain/domestic.json
526,0001333986,EQH,"Equitable Holdings, Inc.",NYSE,,,US,,2026-10-04,sec_filer_category_proxy,Large accelerated filer,2026-04-21,https://www.sec.gov/files/company_tickers_exchange.json,apps/supply-chain/domestic.json
527,0001170010,KMX,CARMAX INC,NYSE,,,US,,2026-10-04,sec_filer_category_proxy,Large accelerated filer,2026-04-15,https://www.sec.gov/files/company_tickers_exchange.json,apps/supply-chain/domestic.json
528,0001070235,BB,BLACKBERRY Ltd,NYSE,,,Canada,,2026-10-04,sec_filer_category_proxy,Large accelerated filer,2026-04-09,https://www.sec.gov/files/company_tickers_exchange.json,apps/supply-chain/domestic.json
529,0000885245,BKE,BUCKLE INC,NYSE,,,US,,2026-10-04,sec_filer_category_proxy,Large accelerated filer,2026-04-01,https://www.sec.gov/files/company_tickers_exchange.json,apps/supply-chain/domestic.json
530,0001800227,PPLI,People Inc,NASDAQ,,,US,,2026-10-04,sec_filer_category_proxy,Large accelerated filer,2026-04-01,https://www.sec.gov/files/company_tickers_exchange.json,apps/supply-chain/domestic.json
531,0001528849,RH,RH,NYSE,,,US,,2026-10-04,sec_filer_category_proxy,Large accelerated filer,2026-04-01,https://www.sec.gov/files/company_tickers_exchange.json,apps/supply-chain/domestic.json
532,0000912615,URBN,URBAN OUTFITTERS INC,NASDAQ,,,US,,2026-10-04,sec_filer_category_proxy,Large accelerated filer,2026-04-01,https://www.sec.gov/files/company_tickers_exchange.json,apps/supply-chain/domestic.json
533,0000915913,ALB-PA,ALBEMARLE CORP,NYSE,,,US,,2026-10-04,sec_filer_category_proxy,Large accelerated filer,2026-03-31,https://www.sec.gov/files/company_tickers_exchange.json,apps/supply-chain/domestic.json
534,0001525769,PLAY,"Dave & Buster's Entertainment, Inc.",NASDAQ,,,US,,2026-10-04,sec_filer_category_proxy,Large accelerated filer,2026-03-31,https://www.sec.gov/files/company_tickers_exchange.json,apps/supply-chain/domestic.json
535,0001902733,NCNO,"nCino, Inc.",NASDAQ,,,US,,2026-10-04,sec_filer_category_proxy,Large accelerated filer,2026-03-31,https://www.sec.gov/files/company_tickers_exchange.json,apps/supply-chain/domestic.json
536,0001412408,PHR,"Phreesia, Inc.",NYSE,,,US,,2026-10-04,sec_filer_category_proxy,Large accelerated filer,2026-03-31,https://www.sec.gov/files/company_tickers_exchange.json,apps/supply-chain/domestic.json
537,0000078239,PVH,PVH CORP. /DE/,NYSE,,,US,,2026-10-04,sec_filer_category_proxy,Large accelerated filer,2026-03-31,https://www.sec.gov/files/company_tickers_exchange.json,apps/supply-chain/domestic.json
538,0000919012,AEO,AMERICAN EAGLE OUTFITTERS INC,NYSE,,,US,,2026-10-04,sec_filer_category_proxy,Large accelerated filer,2026-03-30,https://www.sec.gov/files/company_tickers_exchange.json,apps/supply-chain/domestic.json
539,0000821130,AD,"ARRAY DIGITAL INFRASTRUCTURE, INC.",NYSE,,,US,,2026-10-04,sec_filer_category_proxy,Large accelerated filer,2026-03-30,https://www.sec.gov/files/company_tickers_exchange.json,apps/supply-chain/domestic.json
540,0000744187,REX,REX AMERICAN RESOURCES Corp,NYSE,,,US,,2026-10-04,sec_filer_category_proxy,Large accelerated filer,2026-03-30,https://www.sec.gov/files/company_tickers_exchange.json,apps/supply-chain/domestic.json
541,0001089063,DKS,"DICK'S SPORTING GOODS, INC.",NYSE,,,US,,2026-10-04,sec_filer_category_proxy,Large accelerated filer,2026-03-27,https://www.sec.gov/files/company_tickers_exchange.json,apps/supply-chain/domestic.json
542,0000028917,DDS,"DILLARD'S, INC.",NYSE,,,US,,2026-10-04,sec_filer_category_proxy,Large accelerated filer,2026-03-27,https://www.sec.gov/files/company_tickers_exchange.json,apps/supply-chain/domestic.json
543,0001080014,INVA,"Innoviva, Inc.",NASDAQ,,,US,,2026-10-04,sec_filer_category_proxy,Large accelerated filer,2026-03-27,https://www.sec.gov/files/company_tickers_exchange.json,apps/supply-chain/domestic.json
544,0000794367,M,"Macy's, Inc.",NYSE,,,US,,2026-10-04,sec_filer_category_proxy,Large accelerated filer,2026-03-27,https://www.sec.gov/files/company_tickers_exchange.json,apps/supply-chain/domestic.json
545,0001018840,ANF,ABERCROMBIE & FITCH CO /DE/,NYSE,,,US,,2026-10-04,sec_filer_category_proxy,Large accelerated filer,2026-03-26,https://www.sec.gov/files/company_tickers_exchange.json,apps/supply-chain/domestic.json
546,0001362468,ALGT,Allegiant Travel CO,NASDAQ,,,US,,2026-10-04,sec_filer_category_proxy,Large accelerated filer,2026-03-26,https://www.sec.gov/files/company_tickers_exchange.json,apps/supply-chain/domestic.json
547,0000100591,AGX,ARGAN INC,NYSE,,,US,,2026-10-04,sec_filer_category_proxy,Large accelerated filer,2026-03-26,https://www.sec.gov/files/company_tickers_exchange.json,apps/supply-chain/domestic.json
548,0001561894,HASI,"HA Sustainable Infrastructure Capital, Inc.",NYSE,,,US,,2026-10-04,sec_filer_category_proxy,Large accelerated filer,2026-03-26,https://www.sec.gov/files/company_tickers_exchange.json,apps/supply-chain/domestic.json
549,0001570585,LBTYA,Liberty Global Ltd.,NASDAQ,,,Bermuda,,2026-10-04,sec_filer_category_proxy,Large accelerated filer,2026-03-26,https://www.sec.gov/files/company_tickers_exchange.json,apps/supply-chain/domestic.json
550,0001681459,FTI,TechnipFMC plc,NYSE,,,United Kingdom,,2026-10-04,sec_filer_category_proxy,Large accelerated filer,2026-03-26,https://www.sec.gov/files/company_tickers_exchange.json,apps/supply-chain/domestic.json
551,0001676238,BRZE,"Braze, Inc.",NASDAQ,,,US,,2026-10-04,sec_filer_category_proxy,Large accelerated filer,2026-03-25,https://www.sec.gov/files/company_tickers_exchange.json,apps/supply-chain/domestic.json
552,0001766502,CHWY,"Chewy, Inc.",NYSE,,,US,,2026-10-04,sec_filer_category_proxy,Large accelerated filer,2026-03-25,https://www.sec.gov/files/company_tickers_exchange.json,apps/supply-chain/domestic.json
553,0001474432,P,"Everpure, Inc.",NYSE,,,US,,2026-10-04,sec_filer_category_proxy,Large accelerated filer,2026-03-25,https://www.sec.gov/files/company_tickers_exchange.json,apps/supply-chain/domestic.json
554,0001734722,PATH,"UiPath, Inc.",NYSE,,,US,,2026-10-04,sec_filer_category_proxy,Large accelerated filer,2026-03-25,https://www.sec.gov/files/company_tickers_exchange.json,apps/supply-chain/domestic.json
555,0001856525,CNM,"Core & Main, Inc.",NYSE,,,US,,2026-10-04,sec_filer_category_proxy,Large accelerated filer,2026-03-24,https://www.sec.gov/files/company_tickers_exchange.json,apps/supply-chain/domestic.json
556,0000821002,GIII,G III APPAREL GROUP LTD /DE/,NASDAQ,,,US,,2026-10-04,sec_filer_category_proxy,Large accelerated filer,2026-03-24,https://www.sec.gov/files/company_tickers_exchange.json,apps/supply-chain/domestic.json
557,0001326380,GME,GameStop Corp.,NYSE,,,US,,2026-10-04,sec_filer_category_proxy,Large accelerated filer,2026-03-24,https://www.sec.gov/files/company_tickers_exchange.json,apps/supply-chain/domestic.json
558,0000092103,SCE-PG,SOUTHERN CALIFORNIA EDISON Co,NYSE,,,US,,2026-10-04,sec_filer_category_proxy,Large accelerated filer,2026-03-24,https://www.sec.gov/files/company_tickers_exchange.json,apps/supply-chain/domestic.json
559,0001280263,AMBA,AMBARELLA INC,NASDAQ,,,US,,2026-10-04,sec_filer_category_proxy,Large accelerated filer,2026-03-23,https://www.sec.gov/files/company_tickers_exchange.json,apps/supply-chain/domestic.json
560,0001958086,CLB,Core Laboratories Inc. /DE/,NYSE,,,US,,2026-10-04,sec_filer_category_proxy,Large accelerated filer,2026-03-23,https://www.sec.gov/files/company_tickers_exchange.json,apps/supply-chain/domestic.json
561,0000088941,SMTC,SEMTECH CORP,NASDAQ,,,US,,2026-10-04,sec_filer_category_proxy,Large accelerated filer,2026-03-23,https://www.sec.gov/files/company_tickers_exchange.json,apps/supply-chain/domestic.json
562,0001419612,SEDG,"SOLAREDGE TECHNOLOGIES, INC.",NASDAQ,,,Israel,,2026-10-04,sec_filer_category_proxy,Large accelerated filer,2026-03-23,https://www.sec.gov/files/company_tickers_exchange.json,apps/supply-chain/domestic.json
563,0001789029,AEVA,"Aeva Technologies, Inc.",NASDAQ,,,US,,2026-10-04,sec_filer_category_proxy,Large accelerated filer,2026-03-20,https://www.sec.gov/files/company_tickers_exchange.json,apps/supply-chain/domestic.json
564,0001640147,SNOW,Snowflake Inc.,NYSE,,,US,,2026-10-04,sec_filer_category_proxy,Large accelerated filer,2026-03-20,https://www.sec.gov/files/company_tickers_exchange.json,apps/supply-chain/domestic.json
565,0001856437,VSXY,Victoria's Secret & Co.,NYSE,,,US,,2026-10-04,sec_filer_category_proxy,Large accelerated filer,2026-03-20,https://www.sec.gov/files/company_tickers_exchange.json,apps/supply-chain/domestic.json
566,0001579298,BURL,"Burlington Stores, Inc.",NYSE,,,US,,2026-10-04,sec_filer_category_proxy,Large accelerated filer,2026-03-19,https://www.sec.gov/files/company_tickers_exchange.json,apps/supply-chain/domestic.json
567,0001177609,FIVE,"FIVE BELOW, INC",NASDAQ,,,US,,2026-10-04,sec_filer_category_proxy,Large accelerated filer,2026-03-19,https://www.sec.gov/files/company_tickers_exchange.json,apps/supply-chain/domestic.json
568,0000885639,KSS,KOHLS Corp,NYSE,,,US,,2026-10-04,sec_filer_category_proxy,Large accelerated filer,2026-03-19,https://www.sec.gov/files/company_tickers_exchange.json,apps/supply-chain/domestic.json
569,0001639300,OLLI,"Ollie's Bargain Outlet Holdings, Inc.",NASDAQ,,,US,,2026-10-04,sec_filer_category_proxy,Large accelerated filer,2026-03-19,https://www.sec.gov/files/company_tickers_exchange.json,apps/supply-chain/domestic.json
570,0001943896,RBRK,"Rubrik, Inc.",NYSE,,,US,,2026-10-04,sec_filer_category_proxy,Large accelerated filer,2026-03-19,https://www.sec.gov/files/company_tickers_exchange.json,apps/supply-chain/domestic.json
571,0001583708,S,"SentinelOne, Inc.",NYSE,,,US,,2026-10-04,sec_filer_category_proxy,Large accelerated filer,2026-03-19,https://www.sec.gov/files/company_tickers_exchange.json,apps/supply-chain/domestic.json
572,0000832988,SIG,SIGNET JEWELERS LTD,NYSE,,,Bermuda,,2026-10-04,sec_filer_category_proxy,Large accelerated filer,2026-03-19,https://www.sec.gov/files/company_tickers_exchange.json,apps/supply-chain/domestic.json
573,0001569345,CXM,"Sprinklr, Inc.",NYSE,,,US,,2026-10-04,sec_filer_category_proxy,Large accelerated filer,2026-03-19,https://www.sec.gov/files/company_tickers_exchange.json,apps/supply-chain/domestic.json
574,0001839341,CORZ,"Core Scientific, Inc./tx",NASDAQ,,,US,,2026-10-04,sec_filer_category_proxy,Large accelerated filer,2026-03-18,https://www.sec.gov/files/company_tickers_exchange.json,apps/supply-chain/domestic.json
575,0001261333,DOCU,"DOCUSIGN, INC.",NASDAQ,,,US,,2026-10-04,sec_filer_category_proxy,Large accelerated filer,2026-03-18,https://www.sec.gov/files/company_tickers_exchange.json,apps/supply-chain/domestic.json
576,0001817358,ASO,"Academy Sports & Outdoors, Inc.",NASDAQ,,,US,,2026-10-04,sec_filer_category_proxy,Large accelerated filer,2026-03-17,https://www.sec.gov/files/company_tickers_exchange.json,apps/supply-chain/domestic.json
577,0000039911,GAP,GAP INC,NYSE,,,US,,2026-10-04,sec_filer_category_proxy,Large accelerated filer,2026-03-17,https://www.sec.gov/files/company_tickers_exchange.json,apps/supply-chain/domestic.json
578,0001653482,GTLB,Gitlab Inc.,NASDAQ,,,US,,2026-10-04,sec_filer_category_proxy,Large accelerated filer,2026-03-17,https://www.sec.gov/files/company_tickers_exchange.json,apps/supply-chain/domestic.json
579,0001428336,HQY,"HEALTHEQUITY, INC.",NASDAQ,,,US,,2026-10-04,sec_filer_category_proxy,Large accelerated filer,2026-03-17,https://www.sec.gov/files/company_tickers_exchange.json,apps/supply-chain/domestic.json
580,0001770450,XRX,Xerox Holdings Corp,NASDAQ,,,US,,2026-10-04,sec_filer_category_proxy,Large accelerated filer,2026-03-17,https://www.sec.gov/files/company_tickers_exchange.json,apps/supply-chain/domestic.json
581,0001899883,FIP,FTAI Infrastructure Inc.,NASDAQ,,,US,,2026-10-04,sec_filer_category_proxy,Large accelerated filer,2026-03-16,https://www.sec.gov/files/company_tickers_exchange.json,apps/supply-chain/domestic.json
582,0001560327,RPD,"Rapid7, Inc.",NASDAQ,,,US,,2026-10-04,sec_filer_category_proxy,Large accelerated filer,2026-03-16,https://www.sec.gov/files/company_tickers_exchange.json,apps/supply-chain/domestic.json
583,0001642896,IOT,Samsara Inc.,NYSE,,,US,,2026-10-04,sec_filer_category_proxy,Large accelerated filer,2026-03-16,https://www.sec.gov/files/company_tickers_exchange.json,apps/supply-chain/domestic.json
584,0001571123,SAIC,Science Applications International Corp,NASDAQ,,,US,,2026-10-04,sec_filer_category_proxy,Large accelerated filer,2026-03-16,https://www.sec.gov/files/company_tickers_exchange.json,apps/supply-chain/domestic.json
585,0001477720,ASAN,"Asana, Inc.",NYSE,,,US,,2026-10-04,sec_filer_category_proxy,Large accelerated filer,2026-03-13,https://www.sec.gov/files/company_tickers_exchange.json,apps/supply-chain/domestic.json
586,0001468328,ADUS,Addus HomeCare Corp,NASDAQ,,,US,,2026-10-04,sec_filer_category_proxy,Large accelerated filer,2026-03-12,https://www.sec.gov/files/company_tickers_exchange.json,apps/supply-chain/domestic.json
587,0001083446,ASTH,"Astrana Health, Inc.",NASDAQ,,,US,,2026-10-04,sec_filer_category_proxy,Large accelerated filer,2026-03-12,https://www.sec.gov/files/company_tickers_exchange.json,apps/supply-chain/domestic.json
588,0000701985,BBWI,"Bath & Body Works, Inc.",NYSE,,,US,,2026-10-04,sec_filer_category_proxy,Large accelerated filer,2026-03-12,https://www.sec.gov/files/company_tickers_exchange.json,apps/supply-chain/domestic.json
589,0001531152,BJ,"BJ's Wholesale Club Holdings, Inc.",NYSE,,,US,,2026-10-04,sec_filer_category_proxy,Large accelerated filer,2026-03-12,https://www.sec.gov/files/company_tickers_exchange.json,apps/supply-chain/domestic.json
590,0001568100,PD,"PagerDuty, Inc.",NYSE,,,US,,2026-10-04,sec_filer_category_proxy,Large accelerated filer,2026-03-12,https://www.sec.gov/files/company_tickers_exchange.json,apps/supply-chain/domestic.json
591,0000105418,WMK,WEIS MARKETS INC,NYSE,,,US,,2026-10-04,sec_filer_category_proxy,Large accelerated filer,2026-03-12,https://www.sec.gov/files/company_tickers_exchange.json,apps/supply-chain/domestic.json
592,0001441816,MDB,"MongoDB, Inc.",NASDAQ,,,US,,2026-10-04,sec_filer_category_proxy,Large accelerated filer,2026-03-11,https://www.sec.gov/files/company_tickers_exchange.json,apps/supply-chain/domestic.json
593,0000895728,ENB,ENBRIDGE INC,NYSE,,,Canada,,2026-10-04,sec_filer_category_proxy,Large accelerated filer,2026-03-10,https://www.sec.gov/files/company_tickers_exchange.json,apps/supply-chain/domestic.json
594,0000822663,IPAR,INTERPARFUMS INC,NASDAQ,,,US,,2026-10-04,sec_filer_category_proxy,Large accelerated filer,2026-03-10,https://www.sec.gov/files/company_tickers_exchange.json,apps/supply-chain/domestic.json
595,0001614178,YEXT,"Yext, Inc.",NYSE,,,US,,2026-10-04,sec_filer_category_proxy,Large accelerated filer,2026-03-10,https://www.sec.gov/files/company_tickers_exchange.json,apps/supply-chain/domestic.json
596,0001372612,BOX,BOX INC,NYSE,,,US,,2026-10-04,sec_filer_category_proxy,Large accelerated filer,2026-03-09,https://www.sec.gov/files/company_tickers_exchange.json,apps/supply-chain/domestic.json
597,0000067215,DY,DYCOM INDUSTRIES INC,NYSE,,,US,,2026-10-04,sec_filer_category_proxy,Large accelerated filer,2026-03-09,https://www.sec.gov/files/company_tickers_exchange.json,apps/supply-chain/domestic.json
598,0001111928,IPGP,IPG PHOTONICS CORP,NASDAQ,,,US,,2026-10-04,sec_filer_category_proxy,Large accelerated filer,2026-03-06,https://www.sec.gov/files/company_tickers_exchange.json,apps/supply-chain/domestic.json
599,0001030469,OFG,OFG BANCORP,NYSE,,,US,,2026-10-04,sec_filer_category_proxy,Large accelerated filer,2026-03-05,https://www.sec.gov/files/company_tickers_exchange.json,apps/supply-chain/domestic.json
600,0001660134,OKTA,"Okta, Inc.",NASDAQ,,,US,,2026-10-04,sec_filer_category_proxy,Large accelerated filer,2026-03-05,https://www.sec.gov/files/company_tickers_exchange.json,apps/supply-chain/domestic.json
601,0001771515,GO,Grocery Outlet Holding Corp.,NASDAQ,,,US,,2026-10-04,sec_filer_category_proxy,Large accelerated filer,2026-03-04,https://www.sec.gov/files/company_tickers_exchange.json,apps/supply-chain/domestic.json
602,0001839839,JBI,"Janus International Group, Inc.",NYSE,,,US,,2026-10-04,sec_filer_category_proxy,Large accelerated filer,2026-03-04,https://www.sec.gov/files/company_tickers_exchange.json,apps/supply-chain/domestic.json
603,0001760965,KTB,"Kontoor Brands, Inc.",NYSE,,,US,,2026-10-04,sec_filer_category_proxy,Large accelerated filer,2026-03-04,https://www.sec.gov/files/company_tickers_exchange.json,apps/supply-chain/domestic.json
604,0000769520,MIDD,MIDDLEBY Corp,NASDAQ,,,US,,2026-10-04,sec_filer_category_proxy,Large accelerated filer,2026-03-04,https://www.sec.gov/files/company_tickers_exchange.json,apps/supply-chain/domestic.json
605,0001710155,EYE,"National Vision Holdings, Inc.",NASDAQ,,,US,,2026-10-04,sec_filer_category_proxy,Large accelerated filer,2026-03-04,https://www.sec.gov/files/company_tickers_exchange.json,apps/supply-chain/domestic.json
606,0001386570,NAGE,"Niagen Bioscience, Inc.",NASDAQ,,,US,,2026-10-04,sec_filer_category_proxy,Large accelerated filer,2026-03-04,https://www.sec.gov/files/company_tickers_exchange.json,apps/supply-chain/domestic.json
607,0000949157,CENX,CENTURY ALUMINUM CO,NASDAQ,,,US,,2026-10-04,sec_filer_category_proxy,Large accelerated filer,2026-03-03,https://www.sec.gov/files/company_tickers_exchange.json,apps/supply-chain/domestic.json
608,0000916540,DAR,DARLING INGREDIENTS INC.,NYSE,,,US,,2026-10-04,sec_filer_category_proxy,Large accelerated filer,2026-03-03,https://www.sec.gov/files/company_tickers_exchange.json,apps/supply-chain/domestic.json
609,0001024795,HLIO,"HELIOS TECHNOLOGIES, INC.",NYSE,,,US,,2026-10-04,sec_filer_category_proxy,Large accelerated filer,2026-03-03,https://www.sec.gov/files/company_tickers_exchange.json,apps/supply-chain/domestic.json
610,0000048287,HNI,HNI CORP,NYSE,,,US,,2026-10-04,sec_filer_category_proxy,Large accelerated filer,2026-03-03,https://www.sec.gov/files/company_tickers_exchange.json,apps/supply-chain/domestic.json
611,0000886346,KAI,KADANT INC,NYSE,,,US,,2026-10-04,sec_filer_category_proxy,Large accelerated filer,2026-03-03,https://www.sec.gov/files/company_tickers_exchange.json,apps/supply-chain/domestic.json
612,0000718937,STAA,STAAR SURGICAL CO,NASDAQ,,,US,,2026-10-04,sec_filer_category_proxy,Large accelerated filer,2026-03-03,https://www.sec.gov/files/company_tickers_exchange.json,apps/supply-chain/domestic.json
613,0001564902,PRKS,United Parks & Resorts Inc.,NYSE,,,US,,2026-10-04,sec_filer_category_proxy,Large accelerated filer,2026-03-03,https://www.sec.gov/files/company_tickers_exchange.json,apps/supply-chain/domestic.json
614,0000824142,AAON,"AAON, INC.",NASDAQ,,,US,,2026-10-04,sec_filer_category_proxy,Large accelerated filer,2026-03-02,https://www.sec.gov/files/company_tickers_exchange.json,apps/supply-chain/domestic.json
615,0001680062,ACMR,"ACM Research, Inc.",NASDAQ,,,US,,2026-10-04,sec_filer_category_proxy,Large accelerated filer,2026-03-02,https://www.sec.gov/files/company_tickers_exchange.json,apps/supply-chain/domestic.json
616,0001703056,ADT,ADT Inc.,NYSE,,,US,,2026-10-04,sec_filer_category_proxy,Large accelerated filer,2026-03-02,https://www.sec.gov/files/company_tickers_exchange.json,apps/supply-chain/domestic.json
617,0000897077,ALG,ALAMO GROUP INC,NYSE,,,US,,2026-10-04,sec_filer_category_proxy,Large accelerated filer,2026-03-02,https://www.sec.gov/files/company_tickers_exchange.json,apps/supply-chain/domestic.json
618,0000922864,AIV,APARTMENT INVESTMENT & MANAGEMENT CO,NYSE,,,US,,2026-10-04,sec_filer_category_proxy,Large accelerated filer,2026-03-02,https://www.sec.gov/files/company_tickers_exchange.json,apps/supply-chain/domestic.json
619,0001824502,ACHR,Archer Aviation Inc.,NYSE,,,US,,2026-10-04,sec_filer_category_proxy,Large accelerated filer,2026-03-02,https://www.sec.gov/files/company_tickers_exchange.json,apps/supply-chain/domestic.json
620,0001780312,ASTS,"AST SpaceMobile, Inc.",NASDAQ,,,US,,2026-10-04,sec_filer_category_proxy,Large accelerated filer,2026-03-02,https://www.sec.gov/files/company_tickers_exchange.json,apps/supply-chain/domestic.json
621,0001108134,BBT,Beacon Financial Corp,NYSE,,,US,,2026-10-04,sec_filer_category_proxy,Large accelerated filer,2026-03-02,https://www.sec.gov/files/company_tickers_exchange.json,apps/supply-chain/domestic.json
622,0001836981,BBAI,"BigBear.ai Holdings, Inc.",NYSE,,,US,,2026-10-04,sec_filer_category_proxy,Large accelerated filer,2026-03-02,https://www.sec.gov/files/company_tickers_exchange.json,apps/supply-chain/domestic.json
623,0001935979,BHVN,Biohaven Ltd.,NYSE,,,"Virgin Islands, British",,2026-10-04,sec_filer_category_proxy,Large accelerated filer,2026-03-02,https://www.sec.gov/files/company_tickers_exchange.json,apps/supply-chain/domestic.json
624,0001013488,BJRI,BJs RESTAURANTS INC,NASDAQ,,,US,,2026-10-04,sec_filer_category_proxy,Large accelerated filer,2026-03-02,https://www.sec.gov/files/company_tickers_exchange.json,apps/supply-chain/domestic.json
625,0001937926,BAM,Brookfield Asset Management Ltd.,NYSE,,,Canada,,2026-10-04,sec_filer_category_proxy,Large accelerated filer,2026-03-02,https://www.sec.gov/files/company_tickers_exchange.json,apps/supply-chain/domestic.json
626,0001609253,CRC,California Resources Corp,NYSE,,,US,,2026-10-04,sec_filer_category_proxy,Large accelerated filer,2026-03-02,https://www.sec.gov/files/company_tickers_exchange.json,apps/supply-chain/domestic.json
627,0000861842,CATY,CATHAY GENERAL BANCORP,NASDAQ,,,US,,2026-10-04,sec_filer_category_proxy,Large accelerated filer,2026-03-02,https://www.sec.gov/files/company_tickers_exchange.json,apps/supply-chain/domestic.json
628,0000003197,CECO,CECO ENVIRONMENTAL CORP,NASDAQ,,,US,,2026-10-04,sec_filer_category_proxy,Large accelerated filer,2026-03-02,https://www.sec.gov/files/company_tickers_exchange.json,apps/supply-chain/domestic.json
629,0001341766,CELH,"Celsius Holdings, Inc.",NASDAQ,,,US,,2026-10-04,sec_filer_category_proxy,Large accelerated filer,2026-03-02,https://www.sec.gov/files/company_tickers_exchange.json,apps/supply-chain/domestic.json
630,0001841408,DAVE,Dave Inc./DE,NASDAQ,,,US,,2026-10-04,sec_filer_category_proxy,Large accelerated filer,2026-03-02,https://www.sec.gov/files/company_tickers_exchange.json,apps/supply-chain/domestic.json
631,0001857475,DOLE,Dole plc,NYSE,,,Ireland,,2026-10-04,sec_filer_category_proxy,Large accelerated filer,2026-03-02,https://www.sec.gov/files/company_tickers_exchange.json,apps/supply-chain/domestic.json
632,0001818794,DYN,"Dyne Therapeutics, Inc.",NASDAQ,,,US,,2026-10-04,sec_filer_category_proxy,Large accelerated filer,2026-03-02,https://www.sec.gov/files/company_tickers_exchange.json,apps/supply-chain/domestic.json
633,0001810546,EBC,"Eastern Bankshares, Inc.",NASDAQ,,,US,,2026-10-04,sec_filer_category_proxy,Large accelerated filer,2026-03-02,https://www.sec.gov/files/company_tickers_exchange.json,apps/supply-chain/domestic.json
634,0001411342,EFC,Ellington Financial Inc.,NYSE,,,US,,2026-10-04,sec_filer_category_proxy,Large accelerated filer,2026-03-02,https://www.sec.gov/files/company_tickers_exchange.json,apps/supply-chain/domestic.json
635,0001541401,ESRT,"Empire State Realty Trust, Inc.",NYSE,,,US,,2026-10-04,sec_filer_category_proxy,Large accelerated filer,2026-03-02,https://www.sec.gov/files/company_tickers_exchange.json,apps/supply-chain/domestic.json
636,0001559865,EVTC,"EVERTEC, Inc.",NYSE,,,US,,2026-10-04,sec_filer_category_proxy,Large accelerated filer,2026-03-02,https://www.sec.gov/files/company_tickers_exchange.json,apps/supply-chain/domestic.json
637,0000712537,FCF,FIRST COMMONWEALTH FINANCIAL CORP /PA/,NYSE,,,US,,2026-10-04,sec_filer_category_proxy,Large accelerated filer,2026-03-02,https://www.sec.gov/files/company_tickers_exchange.json,apps/supply-chain/domestic.json
638,0001124198,FLR,FLUOR CORP,NYSE,,,US,,2026-10-04,sec_filer_category_proxy,Large accelerated filer,2026-03-02,https://www.sec.gov/files/company_tickers_exchange.json,apps/supply-chain/domestic.json
639,0000886744,GERN,GERON CORP,NASDAQ,,,US,,2026-10-04,sec_filer_category_proxy,Large accelerated filer,2026-03-02,https://www.sec.gov/files/company_tickers_exchange.json,apps/supply-chain/domestic.json
640,0000042682,GRC,GORMAN RUPP CO,NYSE,,,US,,2026-10-04,sec_filer_category_proxy,Large accelerated filer,2026-03-02,https://www.sec.gov/files/company_tickers_exchange.json,apps/supply-chain/domestic.json
641,0001408075,GPK,GRAPHIC PACKAGING HOLDING CO,NYSE,,,US,,2026-10-04,sec_filer_category_proxy,Large accelerated filer,2026-03-02,https://www.sec.gov/files/company_tickers_exchange.json,apps/supply-chain/domestic.json
642,0001820144,GRND,Grindr Inc.,NYSE,,,US,,2026-10-04,sec_filer_category_proxy,Large accelerated filer,2026-03-02,https://www.sec.gov/files/company_tickers_exchange.json,apps/supply-chain/domestic.json
643,0001360214,HROW,"HARROW, INC.",NASDAQ,,,US,,2026-10-04,sec_filer_category_proxy,Large accelerated filer,2026-03-02,https://www.sec.gov/files/company_tickers_exchange.json,apps/supply-chain/domestic.json
644,0001353613,FXY,Invesco CurrencyShares Japanese Yen Trust,NYSE,,,US,,2026-10-04,sec_filer_category_proxy,Large accelerated filer,2026-03-02,https://www.sec.gov/files/company_tickers_exchange.json,apps/supply-chain/domestic.json
645,0001383082,DBA,INVESCO DB AGRICULTURE FUND,NYSE,,,US,,2026-10-04,sec_filer_category_proxy,Large accelerated filer,2026-03-02,https://www.sec.gov/files/company_tickers_exchange.json,apps/supply-chain/domestic.json
646,0001328237,DBC,Invesco DB Commodity Index Tracking Fund,NYSE,,,US,,2026-10-04,sec_filer_category_proxy,Large accelerated filer,2026-03-02,https://www.sec.gov/files/company_tickers_exchange.json,apps/supply-chain/domestic.json
647,0001433660,JBTM,JBT MAREL Corp,NYSE,,,US,,2026-10-04,sec_filer_category_proxy,Large accelerated filer,2026-03-02,https://www.sec.gov/files/company_tickers_exchange.json,apps/supply-chain/domestic.json
648,0001509991,KOS,Kosmos Energy Ltd.,NYSE,,,US,,2026-10-04,sec_filer_category_proxy,Large accelerated filer,2026-03-02,https://www.sec.gov/files/company_tickers_exchange.json,apps/supply-chain/domestic.json
649,0001581760,LIF,"Life360, Inc.",NASDAQ,,,US,,2026-10-04,sec_filer_category_proxy,Large accelerated filer,2026-03-02,https://www.sec.gov/files/company_tickers_exchange.json,apps/supply-chain/domestic.json
650,0001606163,LMB,"Limbach Holdings, Inc.",NASDAQ,,,US,,2026-10-04,sec_filer_category_proxy,Large accelerated filer,2026-03-02,https://www.sec.gov/files/company_tickers_exchange.json,apps/supply-chain/domestic.json
651,0002000178,LOAR,Loar Holdings Inc.,NYSE,,,US,,2026-10-04,sec_filer_category_proxy,Large accelerated filer,2026-03-02,https://www.sec.gov/files/company_tickers_exchange.json,apps/supply-chain/domestic.json
652,0001507605,MARA,"MARA Holdings, Inc.",NASDAQ,,,US,,2026-10-04,sec_filer_category_proxy,Large accelerated filer,2026-03-02,https://www.sec.gov/files/company_tickers_exchange.json,apps/supply-chain/domestic.json
653,0001524358,VAC,MARRIOTT VACATIONS WORLDWIDE Corp,NYSE,,,United States,,2026-10-04,sec_filer_category_proxy,Large accelerated filer,2026-03-02,https://www.sec.gov/files/company_tickers_exchange.json,apps/supply-chain/domestic.json
654,0001612720,NEXT,NextDecade Corp,NASDAQ,,,US,,2026-10-04,sec_filer_category_proxy,Large accelerated filer,2026-03-02,https://www.sec.gov/files/company_tickers_exchange.json,apps/supply-chain/domestic.json
655,0002082866,PNFP,"Pinnacle Financial Partners, Inc.",NYSE,,,US,,2026-10-04,sec_filer_category_proxy,Large accelerated filer,2026-03-02,https://www.sec.gov/files/company_tickers_exchange.json,apps/supply-chain/domestic.json
656,0001093691,PLUG,PLUG POWER INC,NASDAQ,,,US,,2026-10-04,sec_filer_category_proxy,Large accelerated filer,2026-03-02,https://www.sec.gov/files/company_tickers_exchange.json,apps/supply-chain/domestic.json
657,0000763901,BPOP,"POPULAR, INC.",NASDAQ,,,US,,2026-10-04,sec_filer_category_proxy,Large accelerated filer,2026-03-02,https://www.sec.gov/files/company_tickers_exchange.json,apps/supply-chain/domestic.json
658,0001185348,PRAA,PRA GROUP INC,NASDAQ,,,US,,2026-10-04,sec_filer_category_proxy,Large accelerated filer,2026-03-02,https://www.sec.gov/files/company_tickers_exchange.json,apps/supply-chain/domestic.json
659,0001758009,QUBT,Quantum Computing Inc.,NASDAQ,,,US,,2026-10-04,sec_filer_category_proxy,Large accelerated filer,2026-03-02,https://www.sec.gov/files/company_tickers_exchange.json,apps/supply-chain/domestic.json
660,0000790526,RDNT,"RadNet, Inc.",NASDAQ,,,US,,2026-10-04,sec_filer_category_proxy,Large accelerated filer,2026-03-02,https://www.sec.gov/files/company_tickers_exchange.json,apps/supply-chain/domestic.json
661,0001167419,RIOT,"Riot Platforms, Inc.",NASDAQ,,,US,,2026-10-04,sec_filer_category_proxy,Large accelerated filer,2026-03-02,https://www.sec.gov/files/company_tickers_exchange.json,apps/supply-chain/domestic.json
662,0001805284,RKT,"Rocket Companies, Inc.",NYSE,,,US,,2026-10-04,sec_filer_category_proxy,Large accelerated filer,2026-03-02,https://www.sec.gov/files/company_tickers_exchange.json,apps/supply-chain/domestic.json
663,0000873303,SRPT,"Sarepta Therapeutics, Inc.",NASDAQ,,,US,,2026-10-04,sec_filer_category_proxy,Large accelerated filer,2026-03-02,https://www.sec.gov/files/company_tickers_exchange.json,apps/supply-chain/domestic.json
664,0001957132,SN,"SharkNinja, Inc.",NYSE,,,Cayman Islands,,2026-10-04,sec_filer_category_proxy,Large accelerated filer,2026-03-02,https://www.sec.gov/files/company_tickers_exchange.json,apps/supply-chain/domestic.json
665,0001519449,SKWD,"Skyward Specialty Insurance Group, Inc.",NASDAQ,,,US,,2026-10-04,sec_filer_category_proxy,Large accelerated filer,2026-03-02,https://www.sec.gov/files/company_tickers_exchange.json,apps/supply-chain/domestic.json
666,0001840856,SOUN,"SOUNDHOUND AI, INC.",NASDAQ,,,US,,2026-10-04,sec_filer_category_proxy,Large accelerated filer,2026-03-02,https://www.sec.gov/files/company_tickers_exchange.json,apps/supply-chain/domestic.json
667,0000913241,SHOO,"STEVEN MADDEN, LTD.",NASDAQ,,,US,,2026-10-04,sec_filer_category_proxy,Large accelerated filer,2026-03-02,https://www.sec.gov/files/company_tickers_exchange.json,apps/supply-chain/domestic.json
668,0000095029,RGR,STURM RUGER & CO INC,NYSE,,,US,,2026-10-04,sec_filer_category_proxy,Large accelerated filer,2026-03-02,https://www.sec.gov/files/company_tickers_exchange.json,apps/supply-chain/domestic.json
669,0001356576,SUPN,"SUPERNUS PHARMACEUTICALS, INC.",NASDAQ,,,US,,2026-10-04,sec_filer_category_proxy,Large accelerated filer,2026-03-02,https://www.sec.gov/files/company_tickers_exchange.json,apps/supply-chain/domestic.json
670,0001638833,SGRY,"Surgery Partners, Inc.",NASDAQ,,,US,,2026-10-04,sec_filer_category_proxy,Large accelerated filer,2026-03-02,https://www.sec.gov/files/company_tickers_exchange.json,apps/supply-chain/domestic.json
671,0001534675,TGLS,Tecnoglass Holdings Inc.,NYSE,,,Cayman Islands,,2026-10-04,sec_filer_category_proxy,Large accelerated filer,2026-03-02,https://www.sec.gov/files/company_tickers_exchange.json,apps/supply-chain/domestic.json
672,0000098222,TDW,TIDEWATER INC,NYSE,,,US,,2026-10-04,sec_filer_category_proxy,Large accelerated filer,2026-03-02,https://www.sec.gov/files/company_tickers_exchange.json,apps/supply-chain/domestic.json
673,0000356171,TCBK,TRICO BANCSHARES /,NASDAQ,,,US,,2026-10-04,sec_filer_category_proxy,Large accelerated filer,2026-03-02,https://www.sec.gov/files/company_tickers_exchange.json,apps/supply-chain/domestic.json
674,0000842633,TRS,TRIMAS CORP,NASDAQ,,,US,,2026-10-04,sec_filer_category_proxy,Large accelerated filer,2026-03-02,https://www.sec.gov/files/company_tickers_exchange.json,apps/supply-chain/domestic.json
675,0001290677,TPB,"Turning Point Brands, Inc.",NYSE,,,US,,2026-10-04,sec_filer_category_proxy,Large accelerated filer,2026-03-02,https://www.sec.gov/files/company_tickers_exchange.json,apps/supply-chain/domestic.json
676,0001590560,QURE,uniQure N.V.,NASDAQ,,,Netherlands,,2026-10-04,sec_filer_category_proxy,Large accelerated filer,2026-03-02,https://www.sec.gov/files/company_tickers_exchange.json,apps/supply-chain/domestic.json
677,0002020795,UNIT,Uniti Group Inc.,NASDAQ,,,US,,2026-10-04,sec_filer_category_proxy,Large accelerated filer,2026-03-02,https://www.sec.gov/files/company_tickers_exchange.json,apps/supply-chain/domestic.json
678,0000751978,VICR,VICOR CORP,NASDAQ,,,US,,2026-10-04,sec_filer_category_proxy,Large accelerated filer,2026-03-02,https://www.sec.gov/files/company_tickers_exchange.json,apps/supply-chain/domestic.json
679,0000203596,WSBC,WESBANCO INC,NASDAQ,,,US,,2026-10-04,sec_filer_category_proxy,Large accelerated filer,2026-03-02,https://www.sec.gov/files/company_tickers_exchange.json,apps/supply-chain/domestic.json
680,0000828944,WSFS,WSFS FINANCIAL CORP,NASDAQ,,,US,,2026-10-04,sec_filer_category_proxy,Large accelerated filer,2026-03-02,https://www.sec.gov/files/company_tickers_exchange.json,apps/supply-chain/domestic.json
681,0001867096,XERS,"Xeris Biopharma Holdings, Inc.",NASDAQ,,,US,,2026-10-04,sec_filer_category_proxy,Large accelerated filer,2026-03-02,https://www.sec.gov/files/company_tickers_exchange.json,apps/supply-chain/domestic.json
682,0001520697,ACHC,"Acadia Healthcare Company, Inc.",NASDAQ,,,US,,2026-10-04,sec_filer_category_proxy,Large accelerated filer,2026-02-27,https://www.sec.gov/files/company_tickers_exchange.json,apps/supply-chain/domestic.json
683,0001748824,AAMI,Acadian Asset Management Inc.,NYSE,,,US,,2026-10-04,sec_filer_category_proxy,Large accelerated filer,2026-02-27,https://www.sec.gov/files/company_tickers_exchange.json,apps/supply-chain/domestic.json
684,0001672013,GOLF,Acushnet Holdings Corp.,NYSE,,,US,,2026-10-04,sec_filer_category_proxy,Large accelerated filer,2026-02-27,https://www.sec.gov/files/company_tickers_exchange.json,apps/supply-chain/domestic.json
685,0000819793,AIN,ALBANY INTERNATIONAL CORP /DE/,NYSE,,,US,,2026-10-04,sec_filer_category_proxy,Large accelerated filer,2026-02-27,https://www.sec.gov/files/company_tickers_exchange.json,apps/supply-chain/domestic.json
686,0001832466,ALHC,"Alignment Healthcare, Inc.",NASDAQ,,,US,,2026-10-04,sec_filer_category_proxy,Large accelerated filer,2026-02-27,https://www.sec.gov/files/company_tickers_exchange.json,apps/supply-chain/domestic.json
687,0001704715,AMR,"Alpha Metallurgical Resources, Inc.",NYSE,,,US,,2026-10-04,sec_filer_category_proxy,Large accelerated filer,2026-02-27,https://www.sec.gov/files/company_tickers_exchange.json,apps/supply-chain/domestic.json
688,0001734342,AMTB,Amerant Bancorp Inc.,NYSE,,,US,,2026-10-04,sec_filer_category_proxy,Large accelerated filer,2026-02-27,https://www.sec.gov/files/company_tickers_exchange.json,apps/supply-chain/domestic.json
689,0001632970,AHR,"American Healthcare REIT, Inc.",NYSE,,,US,,2026-10-04,sec_filer_category_proxy,Large accelerated filer,2026-02-27,https://www.sec.gov/files/company_tickers_exchange.json,apps/supply-chain/domestic.json
690,0001018979,AMSF,AMERISAFE INC,NASDAQ,,,US,,2026-10-04,sec_filer_category_proxy,Large accelerated filer,2026-02-27,https://www.sec.gov/files/company_tickers_exchange.json,apps/supply-chain/domestic.json
691,0001723128,AMRX,"Amneal Pharmaceuticals, Inc.",NASDAQ,,,US,,2026-10-04,sec_filer_category_proxy,Large accelerated filer,2026-02-27,https://www.sec.gov/files/company_tickers_exchange.json,apps/supply-chain/domestic.json
692,0001023024,ANIP,ANI PHARMACEUTICALS INC,NASDAQ,,,US,,2026-10-04,sec_filer_category_proxy,Large accelerated filer,2026-02-27,https://www.sec.gov/files/company_tickers_exchange.json,apps/supply-chain/domestic.json
693,0001253986,ABR,ARBOR REALTY TRUST INC,NYSE,,,US,,2026-10-04,sec_filer_category_proxy,Large accelerated filer,2026-02-27,https://www.sec.gov/files/company_tickers_exchange.json,apps/supply-chain/domestic.json
694,0001739445,ACA,"Arcosa, Inc.",NYSE,,,US,,2026-10-04,sec_filer_category_proxy,Large accelerated filer,2026-02-27,https://www.sec.gov/files/company_tickers_exchange.json,apps/supply-chain/domestic.json
695,0001736946,ARLO,"Arlo Technologies, Inc.",NYSE,,,US,,2026-10-04,sec_filer_category_proxy,Large accelerated filer,2026-02-27,https://www.sec.gov/files/company_tickers_exchange.json,apps/supply-chain/domestic.json
696,0001273813,AGO,ASSURED GUARANTY LTD,NYSE,,,Bermuda,,2026-10-04,sec_filer_category_proxy,Large accelerated filer,2026-02-27,https://www.sec.gov/files/company_tickers_exchange.json,apps/supply-chain/domestic.json
697,0001214816,AXS,AXIS CAPITAL HOLDINGS LTD,NYSE,,,Bermuda,,2026-10-04,sec_filer_category_proxy,Large accelerated filer,2026-02-27,https://www.sec.gov/files/company_tickers_exchange.json,apps/supply-chain/domestic.json
698,0001169770,BANC,"BANC OF CALIFORNIA, INC.",NYSE,,,US,,2026-10-04,sec_filer_category_proxy,Large accelerated filer,2026-02-27,https://www.sec.gov/files/company_tickers_exchange.json,apps/supply-chain/domestic.json
699,0001746109,BFC,Bank First Corp,NASDAQ,,,US,,2026-10-04,sec_filer_category_proxy,Large accelerated filer,2026-02-27,https://www.sec.gov/files/company_tickers_exchange.json,apps/supply-chain/domestic.json
700,0001865782,BTSG,"BrightSpring Health Services, Inc.",NASDAQ,,,US,,2026-10-04,sec_filer_category_proxy,Large accelerated filer,2026-02-27,https://www.sec.gov/files/company_tickers_exchange.json,apps/supply-chain/domestic.json
701,0001109354,BRKR,BRUKER CORP,NASDAQ,,,US,,2026-10-04,sec_filer_category_proxy,Large accelerated filer,2026-02-27,https://www.sec.gov/files/company_tickers_exchange.json,apps/supply-chain/domestic.json
702,0001964333,BHRB,Burke & Herbert Financial Services Corp.,NASDAQ,,,US,,2026-10-04,sec_filer_category_proxy,Large accelerated filer,2026-02-27,https://www.sec.gov/files/company_tickers_exchange.json,apps/supply-chain/domestic.json
703,0001702750,BY,"BYLINE BANCORP, INC.",NYSE,,,US,,2026-10-04,sec_filer_category_proxy,Large accelerated filer,2026-02-27,https://www.sec.gov/files/company_tickers_exchange.json,apps/supply-chain/domestic.json
704,0001035201,CWT,CALIFORNIA WATER SERVICE GROUP,NYSE,,,US,,2026-10-04,sec_filer_category_proxy,Large accelerated filer,2026-02-27,https://www.sec.gov/files/company_tickers_exchange.json,apps/supply-chain/domestic.json
705,0000837465,CALY,Callaway Golf Co,NYSE,,,US,,2026-10-04,sec_filer_category_proxy,Large accelerated filer,2026-02-27,https://www.sec.gov/files/company_tickers_exchange.json,apps/supply-chain/domestic.json
706,0002013745,CLMT,"Calumet, Inc. /DE",NASDAQ,,,US,,2026-10-04,sec_filer_category_proxy,Large accelerated filer,2026-02-27,https://www.sec.gov/files/company_tickers_exchange.json,apps/supply-chain/domestic.json
707,0001669779,CWH,"Camping World Holdings, Inc.",NYSE,,,US,,2026-10-04,sec_filer_category_proxy,Large accelerated filer,2026-02-27,https://www.sec.gov/files/company_tickers_exchange.json,apps/supply-chain/domestic.json
708,0001527166,CG,Carlyle Group Inc.,NASDAQ,,,US,,2026-10-04,sec_filer_category_proxy,Large accelerated filer,2026-02-27,https://www.sec.gov/files/company_tickers_exchange.json,apps/supply-chain/domestic.json
709,0001060822,CRI,CARTERS INC,NYSE,,,US,,2026-10-04,sec_filer_category_proxy,Large accelerated filer,2026-02-27,https://www.sec.gov/files/company_tickers_exchange.json,apps/supply-chain/domestic.json
710,0001030894,CLS,CELESTICA INC,NYSE,,,Canada,,2026-10-04,sec_filer_category_proxy,Large accelerated filer,2026-02-27,https://www.sec.gov/files/company_tickers_exchange.json,apps/supply-chain/domestic.json
711,0000701347,CPF,CENTRAL PACIFIC FINANCIAL CORP,NYSE,,,US,,2026-10-04,sec_filer_category_proxy,Large accelerated filer,2026-02-27,https://www.sec.gov/files/company_tickers_exchange.json,apps/supply-chain/domestic.json
712,0001991792,CGON,"CG Oncology, Inc.",NASDAQ,,,US,,2026-10-04,sec_filer_category_proxy,Large accelerated filer,2026-02-27,https://www.sec.gov/files/company_tickers_exchange.json,apps/supply-chain/domestic.json
713,0000019584,CHE,CHEMED CORP,NYSE,,,US,,2026-10-04,sec_filer_category_proxy,Large accelerated filer,2026-02-27,https://www.sec.gov/files/company_tickers_exchange.json,apps/supply-chain/domestic.json
714,0001801170,CLOV,"CLOVER HEALTH INVESTMENTS, CORP. /DE",NASDAQ,,,US,,2026-10-04,sec_filer_category_proxy,Large accelerated filer,2026-02-27,https://www.sec.gov/files/company_tickers_exchange.json,apps/supply-chain/domestic.json
715,0001437958,CCB,COASTAL FINANCIAL CORP,NASDAQ,,,US,,2026-10-04,sec_filer_category_proxy,Large accelerated filer,2026-02-27,https://www.sec.gov/files/company_tickers_exchange.json,apps/supply-chain/domestic.json
716,0001284812,CNS,"COHEN & STEERS, INC.",NYSE,,,US,,2026-10-04,sec_filer_category_proxy,Large accelerated filer,2026-02-27,https://www.sec.gov/files/company_tickers_exchange.json,apps/supply-chain/domestic.json
717,0000723188,CBU,"COMMUNITY FINANCIAL SYSTEM, INC.",NYSE,,,US,,2026-10-04,sec_filer_category_proxy,Large accelerated filer,2026-02-27,https://www.sec.gov/files/company_tickers_exchange.json,apps/supply-chain/domestic.json
718,0000350852,CTBI,COMMUNITY TRUST BANCORP INC /KY/,NASDAQ,,,US,,2026-10-04,sec_filer_category_proxy,Large accelerated filer,2026-02-27,https://www.sec.gov/files/company_tickers_exchange.json,apps/supply-chain/domestic.json
719,0001563190,COMP,"Compass, Inc.",NYSE,,,US,,2026-10-04,sec_filer_category_proxy,Large accelerated filer,2026-02-27,https://www.sec.gov/files/company_tickers_exchange.json,apps/supply-chain/domestic.json
720,0001710366,CNR,"Core Natural Resources, Inc.",NYSE,,,US,,2026-10-04,sec_filer_category_proxy,Large accelerated filer,2026-02-27,https://www.sec.gov/files/company_tickers_exchange.json,apps/supply-chain/domestic.json
721,0001219601,CCK,"CROWN HOLDINGS, INC.",NYSE,,,US,,2026-10-04,sec_filer_category_proxy,Large accelerated filer,2026-02-27,https://www.sec.gov/files/company_tickers_exchange.json,apps/supply-chain/domestic.json
722,0001298675,CUBE,CubeSmart,NYSE,,,US,,2026-10-04,sec_filer_category_proxy,Large accelerated filer,2026-02-27,https://www.sec.gov/files/company_tickers_exchange.json,apps/supply-chain/domestic.json
723,0001488813,CUBB,"Customers Bancorp, Inc.",NYSE,,,US,,2026-10-04,sec_filer_category_proxy,Large accelerated filer,2026-02-27,https://www.sec.gov/files/company_tickers_exchange.json,apps/supply-chain/domestic.json
724,0000354647,CVBF,CVB FINANCIAL CORP,NASDAQ,,,US,,2026-10-04,sec_filer_category_proxy,Large accelerated filer,2026-02-27,https://www.sec.gov/files/company_tickers_exchange.json,apps/supply-chain/domestic.json
725,0000026780,DAN,DANA Inc,NYSE,,,US,,2026-10-04,sec_filer_category_proxy,Large accelerated filer,2026-02-27,https://www.sec.gov/files/company_tickers_exchange.json,apps/supply-chain/domestic.json
726,0001552797,DKL,"Delek Logistics Partners, LP",NYSE,,,US,,2026-10-04,sec_filer_category_proxy,Large accelerated filer,2026-02-27,https://www.sec.gov/files/company_tickers_exchange.json,apps/supply-chain/domestic.json
727,0001694426,DK,"Delek US Holdings, Inc.",NYSE,,,US,,2026-10-04,sec_filer_category_proxy,Large accelerated filer,2026-02-27,https://www.sec.gov/files/company_tickers_exchange.json,apps/supply-chain/domestic.json
728,0001298946,DRH,DiamondRock Hospitality Co,NASDAQ,,,US,,2026-10-04,sec_filer_category_proxy,Large accelerated filer,2026-02-27,https://www.sec.gov/files/company_tickers_exchange.json,apps/supply-chain/domestic.json
729,0000868780,DORM,"Dorman Products, Inc.",NASDAQ,,,US,,2026-10-04,sec_filer_category_proxy,Large accelerated filer,2026-02-27,https://www.sec.gov/files/company_tickers_exchange.json,apps/supply-chain/domestic.json
730,0001562088,DUOL,"Duolingo, Inc.",NASDAQ,,,US,,2026-10-04,sec_filer_category_proxy,Large accelerated filer,2026-02-27,https://www.sec.gov/files/company_tickers_exchange.json,apps/supply-chain/domestic.json
731,0001069157,EWBC,EAST WEST BANCORP INC,NASDAQ,,,US,,2026-10-04,sec_filer_category_proxy,Large accelerated filer,2026-02-27,https://www.sec.gov/files/company_tickers_exchange.json,apps/supply-chain/domestic.json
732,0001708035,ECVT,Ecovyst Inc.,NYSE,,,US,,2026-10-04,sec_filer_category_proxy,Large accelerated filer,2026-02-27,https://www.sec.gov/files/company_tickers_exchange.json,apps/supply-chain/domestic.json
733,0001823529,ACT,"Enact Holdings, Inc.",NASDAQ,,,US,,2026-10-04,sec_filer_category_proxy,Large accelerated filer,2026-02-27,https://www.sec.gov/files/company_tickers_exchange.json,apps/supply-chain/domestic.json
734,0001025835,EFSC,ENTERPRISE FINANCIAL SERVICES CORP,NASDAQ,,,US,,2026-10-04,sec_filer_category_proxy,Large accelerated filer,2026-02-27,https://www.sec.gov/files/company_tickers_exchange.json,apps/supply-chain/domestic.json
735,0001061219,EPD,ENTERPRISE PRODUCTS PARTNERS L.P.,NYSE,,,US,,2026-10-04,sec_filer_category_proxy,Large accelerated filer,2026-02-27,https://www.sec.gov/files/company_tickers_exchange.json,apps/supply-chain/domestic.json
736,0001688757,ESTA,ESTABLISHMENT LABS HOLDINGS INC.,NASDAQ,,,"Virgin Islands, British",,2026-10-04,sec_filer_category_proxy,Large accelerated filer,2026-02-27,https://www.sec.gov/files/company_tickers_exchange.json,apps/supply-chain/domestic.json
737,0001888447,EE,"Excelerate Energy, Inc.",NYSE,,,US,,2026-10-04,sec_filer_category_proxy,Large accelerated filer,2026-02-27,https://www.sec.gov/files/company_tickers_exchange.json,apps/supply-chain/domestic.json
738,0000851520,EXPO,EXPONENT INC,NASDAQ,,,US,,2026-10-04,sec_filer_category_proxy,Large accelerated filer,2026-02-27,https://www.sec.gov/files/company_tickers_exchange.json,apps/supply-chain/domestic.json
739,0001056288,FHI,"FEDERATED HERMES, INC.",NYSE,,,US,,2026-10-04,sec_filer_category_proxy,Large accelerated filer,2026-02-27,https://www.sec.gov/files/company_tickers_exchange.json,apps/supply-chain/domestic.json
740,0001057706,FBP,FIRST BANCORP /PR/,NYSE,,,US,,2026-10-04,sec_filer_category_proxy,Large accelerated filer,2026-02-27,https://www.sec.gov/files/company_tickers_exchange.json,apps/supply-chain/domestic.json
741,0000036377,FHB,"FIRST HAWAIIAN, INC.",NASDAQ,,,US,,2026-10-04,sec_filer_category_proxy,Large accelerated filer,2026-02-27,https://www.sec.gov/files/company_tickers_exchange.json,apps/supply-chain/domestic.json
742,0000700565,FMBH,"FIRST MID BANCSHARES, INC.",NASDAQ,,,US,,2026-10-04,sec_filer_category_proxy,Large accelerated filer,2026-02-27,https://www.sec.gov/files/company_tickers_exchange.json,apps/supply-chain/domestic.json
743,0000910073,FLG,"FLAGSTAR BANK, NATIONAL ASSOCIATION",NYSE,,,US,,2026-10-04,sec_filer_category_proxy,Large accelerated filer,2026-02-27,https://www.sec.gov/files/company_tickers_exchange.json,apps/supply-chain/domestic.json
744,0000037785,FMC,FMC CORP,NYSE,,,US,,2026-10-04,sec_filer_category_proxy,Large accelerated filer,2026-02-27,https://www.sec.gov/files/company_tickers_exchange.json,apps/supply-chain/domestic.json
745,0001424929,FOXF,FOX FACTORY HOLDING CORP,NASDAQ,,,US,,2026-10-04,sec_filer_category_proxy,Large accelerated filer,2026-02-27,https://www.sec.gov/files/company_tickers_exchange.json,apps/supply-chain/domestic.json
746,0001590364,FTAI,FTAI Aviation Ltd.,NASDAQ,,,US,,2026-10-04,sec_filer_category_proxy,Large accelerated filer,2026-02-27,https://www.sec.gov/files/company_tickers_exchange.json,apps/supply-chain/domestic.json
747,0000700564,FULT,FULTON FINANCIAL CORP,NASDAQ,,,US,,2026-10-04,sec_filer_category_proxy,Large accelerated filer,2026-02-27,https://www.sec.gov/files/company_tickers_exchange.json,apps/supply-chain/domestic.json
748,0001276520,GNW,GENWORTH FINANCIAL INC,NYSE,,,US,,2026-10-04,sec_filer_category_proxy,Large accelerated filer,2026-02-27,https://www.sec.gov/files/company_tickers_exchange.json,apps/supply-chain/domestic.json
749,0000714395,GABC,"GERMAN AMERICAN BANCORP, INC.",NASDAQ,,,US,,2026-10-04,sec_filer_category_proxy,Large accelerated filer,2026-02-27,https://www.sec.gov/files/company_tickers_exchange.json,apps/supply-chain/domestic.json
750,0001323468,GLP,GLOBAL PARTNERS LP,NYSE,,,US,,2026-10-04,sec_filer_category_proxy,Large accelerated filer,2026-02-27,https://www.sec.gov/files/company_tickers_exchange.json,apps/supply-chain/domestic.json
751,0001366868,GSAT,"Globalstar, Inc.",NASDAQ,,,US,,2026-10-04,sec_filer_category_proxy,Large accelerated filer,2026-02-27,https://www.sec.gov/files/company_tickers_exchange.json,apps/supply-chain/domestic.json
752,0001537054,GOGO,Gogo Inc.,NASDAQ,,,US,,2026-10-04,sec_filer_category_proxy,Large accelerated filer,2026-02-27,https://www.sec.gov/files/company_tickers_exchange.json,apps/supply-chain/domestic.json
753,0000750577,HWC,HANCOCK WHITNEY CORP,NASDAQ,,,US,,2026-10-04,sec_filer_category_proxy,Large accelerated filer,2026-02-27,https://www.sec.gov/files/company_tickers_exchange.json,apps/supply-chain/domestic.json
754,0000354707,HE,HAWAIIAN ELECTRIC INDUSTRIES INC,NYSE,,,US,,2026-10-04,sec_filer_category_proxy,Large accelerated filer,2026-02-27,https://www.sec.gov/files/company_tickers_exchange.json,apps/supply-chain/domestic.json
755,0001046025,HFWA,HERITAGE FINANCIAL CORP /WA/,NASDAQ,,,US,,2026-10-04,sec_filer_category_proxy,Large accelerated filer,2026-02-27,https://www.sec.gov/files/company_tickers_exchange.json,apps/supply-chain/domestic.json
756,0001915657,DINO,HF Sinclair Corp,NYSE,,,US,,2026-10-04,sec_filer_category_proxy,Large accelerated filer,2026-02-27,https://www.sec.gov/files/company_tickers_exchange.json,apps/supply-chain/domestic.json
757,0001331520,HOMB,HOME BANCSHARES INC,NYSE,,,US,,2026-10-04,sec_filer_category_proxy,Large accelerated filer,2026-02-27,https://www.sec.gov/files/company_tickers_exchange.json,apps/supply-chain/domestic.json
758,0000850141,HMN,HORACE MANN EDUCATORS CORP /DE/,NYSE,,,US,,2026-10-04,sec_filer_category_proxy,Large accelerated filer,2026-02-27,https://www.sec.gov/files/company_tickers_exchange.json,apps/supply-chain/domestic.json
759,0001482512,HPP,"Hudson Pacific Properties, Inc.",NYSE,,,US,,2026-10-04,sec_filer_category_proxy,Large accelerated filer,2026-02-27,https://www.sec.gov/files/company_tickers_exchange.json,apps/supply-chain/domestic.json
760,0001362004,ICFI,"ICF International, Inc.",NASDAQ,,,US,,2026-10-04,sec_filer_category_proxy,Large accelerated filer,2026-02-27,https://www.sec.gov/files/company_tickers_exchange.json,apps/supply-chain/domestic.json
761,0000776901,INDB,INDEPENDENT BANK CORP,NASDAQ,,,US,,2026-10-04,sec_filer_category_proxy,Large accelerated filer,2026-02-27,https://www.sec.gov/files/company_tickers_exchange.json,apps/supply-chain/domestic.json
762,0001841925,INDI,"indie Semiconductor, Inc.",NASDAQ,,,US,,2026-10-04,sec_filer_category_proxy,Large accelerated filer,2026-02-27,https://www.sec.gov/files/company_tickers_exchange.json,apps/supply-chain/domestic.json
763,0001278680,IAU,ISHARES GOLD TRUST,NYSE,,,US,,2026-10-04,sec_filer_category_proxy,Large accelerated filer,2026-02-27,https://www.sec.gov/files/company_tickers_exchange.json,apps/supply-chain/domestic.json
764,0001759124,IAUM,iShares Gold Trust Micro,NYSE,,,US,,2026-10-04,sec_filer_category_proxy,Large accelerated filer,2026-02-27,https://www.sec.gov/files/company_tickers_exchange.json,apps/supply-chain/domestic.json
765,0001332174,GSG,iShares S&P GSCI Commodity-Indexed Trust,NYSE,,,US,,2026-10-04,sec_filer_category_proxy,Large accelerated filer,2026-02-27,https://www.sec.gov/files/company_tickers_exchange.json,apps/supply-chain/domestic.json
766,0001330568,SLV,iShares Silver Trust,NYSE,,,US,,2026-10-04,sec_filer_category_proxy,Large accelerated filer,2026-02-27,https://www.sec.gov/files/company_tickers_exchange.json,apps/supply-chain/domestic.json
767,0001819848,JOBY,"Joby Aviation, Inc.",NYSE,,,US,,2026-10-04,sec_filer_category_proxy,Large accelerated filer,2026-02-27,https://www.sec.gov/files/company_tickers_exchange.json,apps/supply-chain/domestic.json
768,0001833756,DRS,"Leonardo DRS, Inc.",NASDAQ,,,US,,2026-10-04,sec_filer_category_proxy,Large accelerated filer,2026-02-27,https://www.sec.gov/files/company_tickers_exchange.json,apps/supply-chain/domestic.json
769,0000886163,LGND,LIGAND PHARMACEUTICALS INC,NASDAQ,,,US,,2026-10-04,sec_filer_category_proxy,Large accelerated filer,2026-02-27,https://www.sec.gov/files/company_tickers_exchange.json,apps/supply-chain/domestic.json
770,0001462120,LOB,"Live Oak Bancshares, Inc.",NYSE,,,US,,2026-10-04,sec_filer_category_proxy,Large accelerated filer,2026-02-27,https://www.sec.gov/files/company_tickers_exchange.json,apps/supply-chain/domestic.json
771,0000799167,MRTN,MARTEN TRANSPORT LTD,NASDAQ,,,US,,2026-10-04,sec_filer_category_proxy,Large accelerated filer,2026-02-27,https://www.sec.gov/files/company_tickers_exchange.json,apps/supply-chain/domestic.json
772,0000003453,MATX,"Matson, Inc.",NYSE,,,US,,2026-10-04,sec_filer_category_proxy,Large accelerated filer,2026-02-27,https://www.sec.gov/files/company_tickers_exchange.json,apps/supply-chain/domestic.json
773,0001042729,MBWM,MERCANTILE BANK CORP,NASDAQ,,,US,,2026-10-04,sec_filer_category_proxy,Large accelerated filer,2026-02-27,https://www.sec.gov/files/company_tickers_exchange.json,apps/supply-chain/domestic.json
774,0001629019,MBIN,Merchants Bancorp,NASDAQ,,,US,,2026-10-04,sec_filer_category_proxy,Large accelerated filer,2026-02-27,https://www.sec.gov/files/company_tickers_exchange.json,apps/supply-chain/domestic.json
775,0001604821,NTRA,"Natera, Inc.",NASDAQ,,,US,,2026-10-04,sec_filer_category_proxy,Large accelerated filer,2026-02-27,https://www.sec.gov/files/company_tickers_exchange.json,apps/supply-chain/domestic.json
776,0001171486,NRP,NATURAL RESOURCE PARTNERS LP,NYSE,,,US,,2026-10-04,sec_filer_category_proxy,Large accelerated filer,2026-02-27,https://www.sec.gov/files/company_tickers_exchange.json,apps/supply-chain/domestic.json
777,0000790359,NBTB,NBT BANCORP INC,NASDAQ,,,US,,2026-10-04,sec_filer_category_proxy,Large accelerated filer,2026-02-27,https://www.sec.gov/files/company_tickers_exchange.json,apps/supply-chain/domestic.json
778,0001974138,NATL,NCR Atleos Corp,NYSE,,,US,,2026-10-04,sec_filer_category_proxy,Large accelerated filer,2026-02-27,https://www.sec.gov/files/company_tickers_exchange.json,apps/supply-chain/domestic.json
779,0000071691,NYT,NEW YORK TIMES CO,NYSE,,,US,,2026-10-04,sec_filer_category_proxy,Large accelerated filer,2026-02-27,https://www.sec.gov/files/company_tickers_exchange.json,apps/supply-chain/domestic.json
780,0001142417,NXST,"NEXSTAR MEDIA GROUP, INC.",NASDAQ,,,US,,2026-10-04,sec_filer_category_proxy,Large accelerated filer,2026-02-27,https://www.sec.gov/files/company_tickers_exchange.json,apps/supply-chain/domestic.json
781,0001174850,NIC,NICOLET BANKSHARES INC,NYSE,,,US,,2026-10-04,sec_filer_category_proxy,Large accelerated filer,2026-02-27,https://www.sec.gov/files/company_tickers_exchange.json,apps/supply-chain/domestic.json
782,0001124796,LASR,"NLIGHT, INC.",NASDAQ,,,US,,2026-10-04,sec_filer_category_proxy,Large accelerated filer,2026-02-27,https://www.sec.gov/files/company_tickers_exchange.json,apps/supply-chain/domestic.json
783,0001733998,NWN,Northwest Natural Holding Co,NYSE,,,US,,2026-10-04,sec_filer_category_proxy,Large accelerated filer,2026-02-27,https://www.sec.gov/files/company_tickers_exchange.json,apps/supply-chain/domestic.json
784,0001004702,OCFC,OCEANFIRST FINANCIAL CORP,NASDAQ,,,US,,2026-10-04,sec_filer_category_proxy,Large accelerated filer,2026-02-27,https://www.sec.gov/files/company_tickers_exchange.json,apps/supply-chain/domestic.json
785,0001019849,PAG,"PENSKE AUTOMOTIVE GROUP, INC.",NYSE,,,US,,2026-10-04,sec_filer_category_proxy,Large accelerated filer,2026-02-27,https://www.sec.gov/files/company_tickers_exchange.json,apps/supply-chain/domestic.json
786,0001777835,PWP,Perella Weinberg Partners,NASDAQ,,,US,,2026-10-04,sec_filer_category_proxy,Large accelerated filer,2026-02-27,https://www.sec.gov/files/company_tickers_exchange.json,apps/supply-chain/domestic.json
787,0001070423,PAA,PLAINS ALL AMERICAN PIPELINE LP,NASDAQ,,,US,,2026-10-04,sec_filer_category_proxy,Large accelerated filer,2026-02-27,https://www.sec.gov/files/company_tickers_exchange.json,apps/supply-chain/domestic.json
788,0001581990,PAGP,PLAINS GP HOLDINGS LP,NASDAQ,,,US,,2026-10-04,sec_filer_category_proxy,Large accelerated filer,2026-02-27,https://www.sec.gov/files/company_tickers_exchange.json,apps/supply-chain/domestic.json
789,0001475922,PRI,"Primerica, Inc.",NYSE,,,US,,2026-10-04,sec_filer_category_proxy,Large accelerated filer,2026-02-27,https://www.sec.gov/files/company_tickers_exchange.json,apps/supply-chain/domestic.json
790,0002042694,PRMB,Primo Brands Corp,NYSE,,,US,,2026-10-04,sec_filer_category_proxy,Large accelerated filer,2026-02-27,https://www.sec.gov/files/company_tickers_exchange.json,apps/supply-chain/domestic.json
791,0001759655,PRVA,"Privia Health Group, Inc.",NASDAQ,,,US,,2026-10-04,sec_filer_category_proxy,Large accelerated filer,2026-02-27,https://www.sec.gov/files/company_tickers_exchange.json,apps/supply-chain/domestic.json
792,0001551306,PGNY,"Progyny, Inc.",NASDAQ,,,US,,2026-10-04,sec_filer_category_proxy,Large accelerated filer,2026-02-27,https://www.sec.gov/files/company_tickers_exchange.json,apps/supply-chain/domestic.json
793,0001178970,PFS,PROVIDENT FINANCIAL SERVICES INC,NYSE,,,US,,2026-10-04,sec_filer_category_proxy,Large accelerated filer,2026-02-27,https://www.sec.gov/files/company_tickers_exchange.json,apps/supply-chain/domestic.json
794,0000906465,QCRH,QCR HOLDINGS INC,NASDAQ,,,US,,2026-10-04,sec_filer_category_proxy,Large accelerated filer,2026-02-27,https://www.sec.gov/files/company_tickers_exchange.json,apps/supply-chain/domestic.json
795,0001819810,RDW,Redwire Corp,NYSE,,,US,,2026-10-04,sec_filer_category_proxy,Large accelerated filer,2026-02-27,https://www.sec.gov/files/company_tickers_exchange.json,apps/supply-chain/domestic.json
796,0000930236,RWT,REDWOOD TRUST INC,NYSE,,,US,,2026-10-04,sec_filer_category_proxy,Large accelerated filer,2026-02-27,https://www.sec.gov/files/company_tickers_exchange.json,apps/supply-chain/domestic.json
797,0001841968,RPC,"Ridgepost Capital, Inc.",NYSE,,,US,,2026-10-04,sec_filer_category_proxy,Large accelerated filer,2026-02-27,https://www.sec.gov/files/company_tickers_exchange.json,apps/supply-chain/domestic.json
798,0001511337,RLJ,RLJ Lodging Trust,NYSE,,,US,,2026-10-04,sec_filer_category_proxy,Large accelerated filer,2026-02-27,https://www.sec.gov/files/company_tickers_exchange.json,apps/supply-chain/domestic.json
799,0000719220,STBA,S&T BANCORP INC,NASDAQ,,,US,,2026-10-04,sec_filer_category_proxy,Large accelerated filer,2026-02-27,https://www.sec.gov/files/company_tickers_exchange.json,apps/supply-chain/domestic.json
800,0001172052,SAFT,SAFETY INSURANCE GROUP INC,NASDAQ,,,US,,2026-10-04,sec_filer_category_proxy,Large accelerated filer,2026-02-27,https://www.sec.gov/files/company_tickers_exchange.json,apps/supply-chain/domestic.json
801,0000730708,SBCF,SEACOAST BANKING CORP OF FLORIDA,NASDAQ,,,US,,2026-10-04,sec_filer_category_proxy,Large accelerated filer,2026-02-27,https://www.sec.gov/files/company_tickers_exchange.json,apps/supply-chain/domestic.json
802,0001477294,ST,Sensata Technologies Holding plc,NYSE,,,United Kingdom,,2026-10-04,sec_filer_category_proxy,Large accelerated filer,2026-02-27,https://www.sec.gov/files/company_tickers_exchange.json,apps/supply-chain/domestic.json
803,0001430723,SFBS,"ServisFirst Bancshares, Inc.",NYSE,,,US,,2026-10-04,sec_filer_category_proxy,Large accelerated filer,2026-02-27,https://www.sec.gov/files/company_tickers_exchange.json,apps/supply-chain/domestic.json
804,0001794669,FOUR,"Shift4 Payments, Inc.",NYSE,,,US,,2026-10-04,sec_filer_category_proxy,Large accelerated filer,2026-02-27,https://www.sec.gov/files/company_tickers_exchange.json,apps/supply-chain/domestic.json
805,0000920371,SSD,"Simpson Manufacturing Co., Inc.",NYSE,,,US,,2026-10-04,sec_filer_category_proxy,Large accelerated filer,2026-02-27,https://www.sec.gov/files/company_tickers_exchange.json,apps/supply-chain/domestic.json
806,0001585389,SMA,"SmartStop Self Storage REIT, Inc.",NYSE,,,US,,2026-10-04,sec_filer_category_proxy,Large accelerated filer,2026-02-27,https://www.sec.gov/files/company_tickers_exchange.json,apps/supply-chain/domestic.json
807,0001697500,SEI,"Solaris Energy Infrastructure, Inc.",NYSE,,,US,,2026-10-04,sec_filer_category_proxy,Large accelerated filer,2026-02-27,https://www.sec.gov/files/company_tickers_exchange.json,apps/supply-chain/domestic.json
808,0001206264,SGI,SOMNIGROUP INTERNATIONAL INC.,NYSE,,,US,,2026-10-04,sec_filer_category_proxy,Large accelerated filer,2026-02-27,https://www.sec.gov/files/company_tickers_exchange.json,apps/supply-chain/domestic.json
809,0001001838,SCCO,SOUTHERN COPPER CORP/,NYSE,,,US,,2026-10-04,sec_filer_category_proxy,Large accelerated filer,2026-02-27,https://www.sec.gov/files/company_tickers_exchange.json,apps/supply-chain/domestic.json
810,0000705432,SBSI,SOUTHSIDE BANCSHARES INC,NYSE,,,US,,2026-10-04,sec_filer_category_proxy,Large accelerated filer,2026-02-27,https://www.sec.gov/files/company_tickers_exchange.json,apps/supply-chain/domestic.json
811,0001517375,SPT,"Sprout Social, Inc.",NASDAQ,,,US,,2026-10-04,sec_filer_category_proxy,Large accelerated filer,2026-02-27,https://www.sec.gov/files/company_tickers_exchange.json,apps/supply-chain/domestic.json
812,0000094344,STC,STEWART INFORMATION SERVICES CORP,NYSE,,,US,,2026-10-04,sec_filer_category_proxy,Large accelerated filer,2026-02-27,https://www.sec.gov/files/company_tickers_exchange.json,apps/supply-chain/domestic.json
813,0001013934,STRA,"Strategic Education, Inc.",NASDAQ,,,US,,2026-10-04,sec_filer_category_proxy,Large accelerated filer,2026-02-27,https://www.sec.gov/files/company_tickers_exchange.json,apps/supply-chain/domestic.json
814,0001295810,SHO,"Sunstone Hotel Investors, Inc.",NYSE,,,US,,2026-10-04,sec_filer_category_proxy,Large accelerated filer,2026-02-27,https://www.sec.gov/files/company_tickers_exchange.json,apps/supply-chain/domestic.json
815,0001477815,SG,"Sweetgreen, Inc.",NYSE,,,US,,2026-10-04,sec_filer_category_proxy,Large accelerated filer,2026-02-27,https://www.sec.gov/files/company_tickers_exchange.json,apps/supply-chain/domestic.json
816,0000096943,TFX,TELEFLEX INC,NYSE,,,US,,2026-10-04,sec_filer_category_proxy,Large accelerated filer,2026-02-27,https://www.sec.gov/files/company_tickers_exchange.json,apps/supply-chain/domestic.json
817,0001660280,TENB,"Tenable Holdings, Inc.",NASDAQ,,,US,,2026-10-04,sec_filer_category_proxy,Large accelerated filer,2026-02-27,https://www.sec.gov/files/company_tickers_exchange.json,apps/supply-chain/domestic.json
818,0000816761,TDC,TERADATA CORP /DE/,NYSE,,,US,,2026-10-04,sec_filer_category_proxy,Large accelerated filer,2026-02-27,https://www.sec.gov/files/company_tickers_exchange.json,apps/supply-chain/domestic.json
819,0001083301,WULF,TERAWULF INC.,NASDAQ,,,US,,2026-10-04,sec_filer_category_proxy,Large accelerated filer,2026-02-27,https://www.sec.gov/files/company_tickers_exchange.json,apps/supply-chain/domestic.json
820,0001289460,TXRH,"Texas Roadhouse, Inc.",NASDAQ,,,US,,2026-10-04,sec_filer_category_proxy,Large accelerated filer,2026-02-27,https://www.sec.gov/files/company_tickers_exchange.json,apps/supply-chain/domestic.json
821,0001001316,TGTX,"TG THERAPEUTICS, INC.",NASDAQ,,,US,,2026-10-04,sec_filer_category_proxy,Large accelerated filer,2026-02-27,https://www.sec.gov/files/company_tickers_exchange.json,apps/supply-chain/domestic.json
822,0000098677,TR,TOOTSIE ROLL INDUSTRIES INC,NYSE,,,US,,2026-10-04,sec_filer_category_proxy,Large accelerated filer,2026-02-27,https://www.sec.gov/files/company_tickers_exchange.json,apps/supply-chain/domestic.json
823,0001671933,TTD,"Trade Desk, Inc.",NASDAQ,,,US,,2026-10-04,sec_filer_category_proxy,Large accelerated filer,2026-02-27,https://www.sec.gov/files/company_tickers_exchange.json,apps/supply-chain/domestic.json
824,0001552033,TRU,TransUnion,NYSE,,,US,,2026-10-04,sec_filer_category_proxy,Large accelerated filer,2026-02-27,https://www.sec.gov/files/company_tickers_exchange.json,apps/supply-chain/domestic.json
825,0001108426,TXNM,TXNM ENERGY INC,NYSE,,,US,,2026-10-04,sec_filer_category_proxy,Large accelerated filer,2026-02-27,https://www.sec.gov/files/company_tickers_exchange.json,apps/supply-chain/domestic.json
826,0000885978,USPH,U S PHYSICAL THERAPY INC /NV,NYSE,,,US,,2026-10-04,sec_filer_category_proxy,Large accelerated filer,2026-02-27,https://www.sec.gov/files/company_tickers_exchange.json,apps/supply-chain/domestic.json
827,0000914156,UFPT,UFP TECHNOLOGIES INC,NASDAQ,,,US,,2026-10-04,sec_filer_category_proxy,Large accelerated filer,2026-02-27,https://www.sec.gov/files/company_tickers_exchange.json,apps/supply-chain/domestic.json
828,0000729986,UBSI,UNITED BANKSHARES INC/WV,NASDAQ,,,US,,2026-10-04,sec_filer_category_proxy,Large accelerated filer,2026-02-27,https://www.sec.gov/files/company_tickers_exchange.json,apps/supply-chain/domestic.json
829,0001376227,UNG,"United States Natural Gas Fund, LP",NYSE,,,US,,2026-10-04,sec_filer_category_proxy,Large accelerated filer,2026-02-27,https://www.sec.gov/files/company_tickers_exchange.json,apps/supply-chain/domestic.json
830,0001327068,USO,"United States Oil Fund, LP",NYSE,,,US,,2026-10-04,sec_filer_category_proxy,Large accelerated filer,2026-02-27,https://www.sec.gov/files/company_tickers_exchange.json,apps/supply-chain/domestic.json
831,0000891166,UVE,"UNIVERSAL INSURANCE HOLDINGS, INC.",NYSE,,,US,,2026-10-04,sec_filer_category_proxy,Large accelerated filer,2026-02-27,https://www.sec.gov/files/company_tickers_exchange.json,apps/supply-chain/domestic.json
832,0000714310,VLY,VALLEY NATIONAL BANCORP,NASDAQ,,,US,,2026-10-04,sec_filer_category_proxy,Large accelerated filer,2026-02-27,https://www.sec.gov/files/company_tickers_exchange.json,apps/supply-chain/domestic.json
833,0000883237,VRTS,"VIRTUS INVESTMENT PARTNERS, INC.",NYSE,,,US,,2026-10-04,sec_filer_category_proxy,Large accelerated filer,2026-02-27,https://www.sec.gov/files/company_tickers_exchange.json,apps/supply-chain/domestic.json
834,0000102752,VSEC,VSE CORP,NASDAQ,,,US,,2026-10-04,sec_filer_category_proxy,Large accelerated filer,2026-02-27,https://www.sec.gov/files/company_tickers_exchange.json,apps/supply-chain/domestic.json
835,0000105016,WSO,WATSCO INC,NYSE,,,US,,2026-10-04,sec_filer_category_proxy,Large accelerated filer,2026-02-27,https://www.sec.gov/files/company_tickers_exchange.json,apps/supply-chain/domestic.json
836,0000311094,WABC,WESTAMERICA BANCORPORATION,NASDAQ,,,US,,2026-10-04,sec_filer_category_proxy,Large accelerated filer,2026-02-27,https://www.sec.gov/files/company_tickers_exchange.json,apps/supply-chain/domestic.json
837,0000776867,WTM,WHITE MOUNTAINS INSURANCE GROUP LTD,NYSE,,,Bermuda,,2026-10-04,sec_filer_category_proxy,Large accelerated filer,2026-02-27,https://www.sec.gov/files/company_tickers_exchange.json,apps/supply-chain/domestic.json
838,0001370450,WLDN,"Willdan Group, Inc.",NASDAQ,,,US,,2026-10-04,sec_filer_category_proxy,Large accelerated filer,2026-02-27,https://www.sec.gov/files/company_tickers_exchange.json,apps/supply-chain/domestic.json
839,0000110471,WWW,WOLVERINE WORLD WIDE INC /DE/,NYSE,,,US,,2026-10-04,sec_filer_category_proxy,Large accelerated filer,2026-02-27,https://www.sec.gov/files/company_tickers_exchange.json,apps/supply-chain/domestic.json
840,0001767258,XPEL,"XPEL, Inc.",NASDAQ,,,US,,2026-10-04,sec_filer_category_proxy,Large accelerated filer,2026-02-27,https://www.sec.gov/files/company_tickers_exchange.json,apps/supply-chain/domestic.json
841,0001345016,YELP,YELP INC,NYSE,,,US,,2026-10-04,sec_filer_category_proxy,Large accelerated filer,2026-02-27,https://www.sec.gov/files/company_tickers_exchange.json,apps/supply-chain/domestic.json
842,0001670592,YETI,"YETI Holdings, Inc.",NYSE,,,US,,2026-10-04,sec_filer_category_proxy,Large accelerated filer,2026-02-27,https://www.sec.gov/files/company_tickers_exchange.json,apps/supply-chain/domestic.json
843,0001673358,YUMC,"Yum China Holdings, Inc.",NYSE,,,US,,2026-10-04,sec_filer_category_proxy,Large accelerated filer,2026-02-27,https://www.sec.gov/files/company_tickers_exchange.json,apps/supply-chain/domestic.json
844,0001585521,ZM,"Zoom Communications, Inc.",NASDAQ,,,US,,2026-10-04,sec_filer_category_proxy,Large accelerated filer,2026-02-27,https://www.sec.gov/files/company_tickers_exchange.json,apps/supply-chain/domestic.json
845,0001070494,ACAD,ACADIA PHARMACEUTICALS INC,NASDAQ,,,US,,2026-10-04,sec_filer_category_proxy,Large accelerated filer,2026-02-26,https://www.sec.gov/files/company_tickers_exchange.json,apps/supply-chain/domestic.json
846,0000935036,ACIW,"ACI WORLDWIDE, INC.",NASDAQ,,,US,,2026-10-04,sec_filer_category_proxy,Large accelerated filer,2026-02-26,https://www.sec.gov/files/company_tickers_exchange.json,apps/supply-chain/domestic.json
847,0001478320,ADPT,Adaptive Biotechnologies Corp,NASDAQ,,,US,,2026-10-04,sec_filer_category_proxy,Large accelerated filer,2026-02-26,https://www.sec.gov/files/company_tickers_exchange.json,apps/supply-chain/domestic.json
848,0001803696,ADEA,Adeia Inc.,NASDAQ,,,US,,2026-10-04,sec_filer_category_proxy,Large accelerated filer,2026-02-26,https://www.sec.gov/files/company_tickers_exchange.json,apps/supply-chain/domestic.json
849,0000926282,ADTN,"ADTRAN Holdings, Inc.",NASDAQ,,,US,,2026-10-04,sec_filer_category_proxy,Large accelerated filer,2026-02-26,https://www.sec.gov/files/company_tickers_exchange.json,apps/supply-chain/domestic.json
850,0001517022,AKBA,"Akebia Therapeutics, Inc.",NASDAQ,,,US,,2026-10-04,sec_filer_category_proxy,Large accelerated filer,2026-02-26,https://www.sec.gov/files/company_tickers_exchange.json,apps/supply-chain/domestic.json
851,0001675149,AA,Alcoa Corp,NYSE,,,US,,2026-10-04,sec_filer_category_proxy,Large accelerated filer,2026-02-26,https://www.sec.gov/files/company_tickers_exchange.json,apps/supply-chain/domestic.json
852,0001529274,ALKT,"ALKAMI TECHNOLOGY, INC.",NASDAQ,,,US,,2026-10-04,sec_filer_category_proxy,Large accelerated filer,2026-02-26,https://www.sec.gov/files/company_tickers_exchange.json,apps/supply-chain/domestic.json
853,0001086600,ARLP,ALLIANCE RESOURCE PARTNERS LP,NASDAQ,,,US,,2026-10-04,sec_filer_category_proxy,Large accelerated filer,2026-02-26,https://www.sec.gov/files/company_tickers_exchange.json,apps/supply-chain/domestic.json
854,0001455863,COLD,AMERICOLD REALTY TRUST,NYSE,,,US,,2026-10-04,sec_filer_category_proxy,Large accelerated filer,2026-02-26,https://www.sec.gov/files/company_tickers_exchange.json,apps/supply-chain/domestic.json
855,0000351569,ABCB,Ameris Bancorp,NYSE,,,US,,2026-10-04,sec_filer_category_proxy,Large accelerated filer,2026-02-26,https://www.sec.gov/files/company_tickers_exchange.json,apps/supply-chain/domestic.json
856,0001297184,AMPH,"Amphastar Pharmaceuticals, Inc.",NASDAQ,,,US,,2026-10-04,sec_filer_category_proxy,Large accelerated filer,2026-02-26,https://www.sec.gov/files/company_tickers_exchange.json,apps/supply-chain/domestic.json
857,0001158114,AAOI,"APPLIED OPTOELECTRONICS, INC.",NASDAQ,,,US,,2026-10-04,sec_filer_category_proxy,Large accelerated filer,2026-02-26,https://www.sec.gov/files/company_tickers_exchange.json,apps/supply-chain/domestic.json
858,0000947484,ACGLN,ARCH CAPITAL GROUP LTD.,NASDAQ,,,Bermuda,,2026-10-04,sec_filer_category_proxy,Large accelerated filer,2026-02-26,https://www.sec.gov/files/company_tickers_exchange.json,apps/supply-chain/domestic.json
859,0001389050,AROC,"Archrock, Inc.",NYSE,,,US,,2026-10-04,sec_filer_category_proxy,Large accelerated filer,2026-02-26,https://www.sec.gov/files/company_tickers_exchange.json,apps/supply-chain/domestic.json
860,0000008063,ATRO,ASTRONICS CORP,NASDAQ,,,US,,2026-10-04,sec_filer_category_proxy,Large accelerated filer,2026-02-26,https://www.sec.gov/files/company_tickers_exchange.json,apps/supply-chain/domestic.json
861,0001958140,BATRA,"Atlanta Braves Holdings, Inc.",NASDAQ,,,US,,2026-10-04,sec_filer_category_proxy,Large accelerated filer,2026-02-26,https://www.sec.gov/files/company_tickers_exchange.json,apps/supply-chain/domestic.json
862,0000883948,AUB,Atlantic Union Bankshares Corp,NYSE,,,US,,2026-10-04,sec_filer_category_proxy,Large accelerated filer,2026-02-26,https://www.sec.gov/files/company_tickers_exchange.json,apps/supply-chain/domestic.json
863,0001600620,AUPH,Aurinia Pharmaceuticals Inc.,NASDAQ,,,Canada,,2026-10-04,sec_filer_category_proxy,Large accelerated filer,2026-02-26,https://www.sec.gov/files/company_tickers_exchange.json,apps/supply-chain/domestic.json
864,0001777921,AVPT,"AvePoint, Inc.",NASDAQ,,,US,,2026-10-04,sec_filer_category_proxy,Large accelerated filer,2026-02-26,https://www.sec.gov/files/company_tickers_exchange.json,apps/supply-chain/domestic.json
865,0001113232,ACLS,AXCELIS TECHNOLOGIES INC,NASDAQ,,,US,,2026-10-04,sec_filer_category_proxy,Large accelerated filer,2026-02-26,https://www.sec.gov/files/company_tickers_exchange.json,apps/supply-chain/domestic.json
866,0001781755,BWIN,"Baldwin Insurance Group, Inc.",NASDAQ,,,US,,2026-10-04,sec_filer_category_proxy,Large accelerated filer,2026-02-26,https://www.sec.gov/files/company_tickers_exchange.json,apps/supply-chain/domestic.json
867,0000760498,BANF,BANCFIRST CORP /OK/,NASDAQ,,,US,,2026-10-04,sec_filer_category_proxy,Large accelerated filer,2026-02-26,https://www.sec.gov/files/company_tickers_exchange.json,apps/supply-chain/domestic.json
868,0001504008,BKU,"BankUnited, Inc.",NYSE,,,US,,2026-10-04,sec_filer_category_proxy,Large accelerated filer,2026-02-26,https://www.sec.gov/files/company_tickers_exchange.json,apps/supply-chain/domestic.json
869,0000902791,BBSI,BARRETT BUSINESS SERVICES INC,NASDAQ,,,US,,2026-10-04,sec_filer_category_proxy,Large accelerated filer,2026-02-26,https://www.sec.gov/files/company_tickers_exchange.json,apps/supply-chain/domestic.json
870,0001031308,BSY,BENTLEY SYSTEMS INC,NASDAQ,,,US,,2026-10-04,sec_filer_category_proxy,Large accelerated filer,2026-02-26,https://www.sec.gov/files/company_tickers_exchange.json,apps/supply-chain/domestic.json
871,0001651308,ONC,BeOne Medicines Ltd.,NASDAQ,,,Switzerland,,2026-10-04,sec_filer_category_proxy,Large accelerated filer,2026-02-26,https://www.sec.gov/files/company_tickers_exchange.json,apps/supply-chain/domestic.json
872,0000882796,BCRX,BIOCRYST PHARMACEUTICALS INC,NASDAQ,,,US,,2026-10-04,sec_filer_category_proxy,Large accelerated filer,2026-02-26,https://www.sec.gov/files/company_tickers_exchange.json,apps/supply-chain/domestic.json
873,0001048477,BMRN,BIOMARIN PHARMACEUTICAL INC,NASDAQ,,,US,,2026-10-04,sec_filer_category_proxy,Large accelerated filer,2026-02-26,https://www.sec.gov/files/company_tickers_exchange.json,apps/supply-chain/domestic.json
874,0001666134,BL,"BLACKLINE, INC.",NASDAQ,,,US,,2026-10-04,sec_filer_category_proxy,Large accelerated filer,2026-02-26,https://www.sec.gov/files/company_tickers_exchange.json,apps/supply-chain/domestic.json
875,0001437578,BFAM,BRIGHT HORIZONS FAMILY SOLUTIONS INC.,NYSE,,,US,,2026-10-04,sec_filer_category_proxy,Large accelerated filer,2026-02-26,https://www.sec.gov/files/company_tickers_exchange.json,apps/supply-chain/domestic.json
876,0000078890,BCO,BRINKS CO,NYSE,,,US,,2026-10-04,sec_filer_category_proxy,Large accelerated filer,2026-02-26,https://www.sec.gov/files/company_tickers_exchange.json,apps/supply-chain/domestic.json
877,0001525221,VTOL,Bristow Group Inc.,NYSE,,,US,,2026-10-04,sec_filer_category_proxy,Large accelerated filer,2026-02-26,https://www.sec.gov/files/company_tickers_exchange.json,apps/supply-chain/domestic.json
878,0001714174,BUR,Burford Capital Ltd,NYSE,,,Guernsey,,2026-10-04,sec_filer_category_proxy,Large accelerated filer,2026-02-26,https://www.sec.gov/files/company_tickers_exchange.json,apps/supply-chain/domestic.json
879,0001632127,CABO,"Cable One, Inc.",NYSE,,,US,,2026-10-04,sec_filer_category_proxy,Large accelerated filer,2026-02-26,https://www.sec.gov/files/company_tickers_exchange.json,apps/supply-chain/domestic.json
880,0001699136,WHD,"Cactus, Inc.",NYSE,,,US,,2026-10-04,sec_filer_category_proxy,Large accelerated filer,2026-02-26,https://www.sec.gov/files/company_tickers_exchange.json,apps/supply-chain/domestic.json
881,0001683606,CARS,Cars.com Inc.,NYSE,,,US,,2026-10-04,sec_filer_category_proxy,Large accelerated filer,2026-02-26,https://www.sec.gov/files/company_tickers_exchange.json,apps/supply-chain/domestic.json
882,0001981599,CTRI,"Centuri Holdings, Inc.",NYSE,,,US,,2026-10-04,sec_filer_category_proxy,Large accelerated filer,2026-02-26,https://www.sec.gov/files/company_tickers_exchange.json,apps/supply-chain/domestic.json
883,0001827090,CERT,"Certara, Inc.",NASDAQ,,,US,,2026-10-04,sec_filer_category_proxy,Large accelerated filer,2026-02-26,https://www.sec.gov/files/company_tickers_exchange.json,apps/supply-chain/domestic.json
884,0001383650,CQP,"Cheniere Energy Partners, L.P.",NYSE,,,US,,2026-10-04,sec_filer_category_proxy,Large accelerated filer,2026-02-26,https://www.sec.gov/files/company_tickers_exchange.json,apps/supply-chain/domestic.json
885,0000003570,LNG,"Cheniere Energy, Inc.",NYSE,,,US,,2026-10-04,sec_filer_category_proxy,Large accelerated filer,2026-02-26,https://www.sec.gov/files/company_tickers_exchange.json,apps/supply-chain/domestic.json
886,0001486159,CHRD,Chord Energy Corp,NASDAQ,,,US,,2026-10-04,sec_filer_category_proxy,Large accelerated filer,2026-02-26,https://www.sec.gov/files/company_tickers_exchange.json,apps/supply-chain/domestic.json
887,0001567094,CNH,CNH Industrial N.V.,NYSE,,,Netherlands,,2026-10-04,sec_filer_category_proxy,Large accelerated filer,2026-02-26,https://www.sec.gov/files/company_tickers_exchange.json,apps/supply-chain/domestic.json
888,0001267565,COLL,"COLLEGIUM PHARMACEUTICAL, INC",NASDAQ,,,US,,2026-10-04,sec_filer_category_proxy,Large accelerated filer,2026-02-26,https://www.sec.gov/files/company_tickers_exchange.json,apps/supply-chain/domestic.json
889,0000887343,COLB,"COLUMBIA BANKING SYSTEM, INC.",NASDAQ,,,US,,2026-10-04,sec_filer_category_proxy,Large accelerated filer,2026-02-26,https://www.sec.gov/files/company_tickers_exchange.json,apps/supply-chain/domestic.json
890,0002014596,CON,"Concentra Group Holdings Parent, Inc.",NYSE,,,US,,2026-10-04,sec_filer_category_proxy,Large accelerated filer,2026-02-26,https://www.sec.gov/files/company_tickers_exchange.json,apps/supply-chain/domestic.json
891,0001834584,CPNG,"Coupang, Inc.",NYSE,,,US,,2026-10-04,sec_filer_category_proxy,Large accelerated filer,2026-02-26,https://www.sec.gov/files/company_tickers_exchange.json,apps/supply-chain/domestic.json
892,0001053706,CRAI,"CRA INTERNATIONAL, INC.",NASDAQ,,,US,,2026-10-04,sec_filer_category_proxy,Large accelerated filer,2026-02-26,https://www.sec.gov/files/company_tickers_exchange.json,apps/supply-chain/domestic.json
893,0001944013,CR,Crane Co,NYSE,,,US,,2026-10-04,sec_filer_category_proxy,Large accelerated filer,2026-02-26,https://www.sec.gov/files/company_tickers_exchange.json,apps/supply-chain/domestic.json
894,0000025445,CXT,"Crane NXT, Co.",NYSE,,,US,,2026-10-04,sec_filer_category_proxy,Large accelerated filer,2026-02-26,https://www.sec.gov/files/company_tickers_exchange.json,apps/supply-chain/domestic.json
895,0001061983,CYTK,CYTOKINETICS INC,NASDAQ,,,US,,2026-10-04,sec_filer_category_proxy,Large accelerated filer,2026-02-26,https://www.sec.gov/files/company_tickers_exchange.json,apps/supply-chain/domestic.json
896,0001714899,DNLI,Denali Therapeutics Inc.,NASDAQ,,,US,,2026-10-04,sec_filer_category_proxy,Large accelerated filer,2026-02-26,https://www.sec.gov/files/company_tickers_exchange.json,apps/supply-chain/domestic.json
897,0000818479,XRAY,DENTSPLY SIRONA Inc.,NASDAQ,,,US,,2026-10-04,sec_filer_category_proxy,Large accelerated filer,2026-02-26,https://www.sec.gov/files/company_tickers_exchange.json,apps/supply-chain/domestic.json
898,0001679688,DBRG,"DigitalBridge Group, Inc.",NYSE,,,US,,2026-10-04,sec_filer_category_proxy,Large accelerated filer,2026-02-26,https://www.sec.gov/files/company_tickers_exchange.json,apps/supply-chain/domestic.json
899,0001816736,IRON,"Disc Medicine, Inc.",NASDAQ,,,US,,2026-10-04,sec_filer_category_proxy,Large accelerated filer,2026-02-26,https://www.sec.gov/files/company_tickers_exchange.json,apps/supply-chain/domestic.json
900,0001922446,DEC,Diversified Energy Co,NYSE,,,US,,2026-10-04,sec_filer_category_proxy,Large accelerated filer,2026-02-26,https://www.sec.gov/files/company_tickers_exchange.json,apps/supply-chain/domestic.json
901,0001599617,DNOW,DNOW Inc.,NYSE,,,US,,2026-10-04,sec_filer_category_proxy,Large accelerated filer,2026-02-26,https://www.sec.gov/files/company_tickers_exchange.json,apps/supply-chain/domestic.json
902,0001819928,DV,"DoubleVerify Holdings, Inc.",NYSE,,,US,,2026-10-04,sec_filer_category_proxy,Large accelerated filer,2026-02-26,https://www.sec.gov/files/company_tickers_exchange.json,apps/supply-chain/domestic.json
903,0001020710,DXPE,DXP ENTERPRISES INC,NASDAQ,,,US,,2026-10-04,sec_filer_category_proxy,Large accelerated filer,2026-02-26,https://www.sec.gov/files/company_tickers_exchange.json,apps/supply-chain/domestic.json
904,0001710072,EWTX,"Edgewise Therapeutics, Inc.",NASDAQ,,,US,,2026-10-04,sec_filer_category_proxy,Large accelerated filer,2026-02-26,https://www.sec.gov/files/company_tickers_exchange.json,apps/supply-chain/domestic.json
905,0001379041,EIG,"Employers Holdings, Inc.",NYSE,,,US,,2026-10-04,sec_filer_category_proxy,Large accelerated filer,2026-02-26,https://www.sec.gov/files/company_tickers_exchange.json,apps/supply-chain/domestic.json
906,0000785161,EHC,Encompass Health Corp,NYSE,,,US,,2026-10-04,sec_filer_category_proxy,Large accelerated filer,2026-02-26,https://www.sec.gov/files/company_tickers_exchange.json,apps/supply-chain/domestic.json
907,0001385849,UUUU,ENERGY FUELS INC,NYSE,,,Canada,,2026-10-04,sec_filer_category_proxy,Large accelerated filer,2026-02-26,https://www.sec.gov/files/company_tickers_exchange.json,apps/supply-chain/domestic.json
908,0001420800,ENOV,Enovis CORP,NYSE,,,US,,2026-10-04,sec_filer_category_proxy,Large accelerated filer,2026-02-26,https://www.sec.gov/files/company_tickers_exchange.json,apps/supply-chain/domestic.json
909,0001828318,ENVX,Enovix Corp,NASDAQ,,,US,,2026-10-04,sec_filer_category_proxy,Large accelerated filer,2026-02-26,https://www.sec.gov/files/company_tickers_exchange.json,apps/supply-chain/domestic.json
910,0001352010,EPAM,"EPAM Systems, Inc.",NYSE,,,US,,2026-10-04,sec_filer_category_proxy,Large accelerated filer,2026-02-26,https://www.sec.gov/files/company_tickers_exchange.json,apps/supply-chain/domestic.json
911,0001045450,EPR,EPR PROPERTIES,NYSE,,,US,,2026-10-04,sec_filer_category_proxy,Large accelerated filer,2026-02-26,https://www.sec.gov/files/company_tickers_exchange.json,apps/supply-chain/domestic.json
912,0000078128,WTRG,"Essential Utilities, Inc.",NYSE,,,US,,2026-10-04,sec_filer_category_proxy,Large accelerated filer,2026-02-26,https://www.sec.gov/files/company_tickers_exchange.json,apps/supply-chain/domestic.json
913,0001029199,EEFT,"EURONET WORLDWIDE, INC.",NASDAQ,,,US,,2026-10-04,sec_filer_category_proxy,Large accelerated filer,2026-02-26,https://www.sec.gov/files/company_tickers_exchange.json,apps/supply-chain/domestic.json
914,0001649749,FBK,FB Financial Corp,NYSE,,,US,,2026-10-04,sec_filer_category_proxy,Large accelerated filer,2026-02-26,https://www.sec.gov/files/company_tickers_exchange.json,apps/supply-chain/domestic.json
915,0001331875,FNF,"Fidelity National Financial, Inc.",NYSE,,,US,,2026-10-04,sec_filer_category_proxy,Large accelerated filer,2026-02-26,https://www.sec.gov/files/company_tickers_exchange.json,apps/supply-chain/domestic.json
916,0001210677,FA,FIRST ADVANTAGE CORP,NASDAQ,,,US,,2026-10-04,sec_filer_category_proxy,Large accelerated filer,2026-02-26,https://www.sec.gov/files/company_tickers_exchange.json,apps/supply-chain/domestic.json
917,0000314489,BUSE,FIRST BUSEY CORP /NV/,NASDAQ,,,US,,2026-10-04,sec_filer_category_proxy,Large accelerated filer,2026-02-26,https://www.sec.gov/files/company_tickers_exchange.json,apps/supply-chain/domestic.json
918,0000036966,FHN,FIRST HORIZON CORP,NYSE,,,US,,2026-10-04,sec_filer_category_proxy,Large accelerated filer,2026-02-26,https://www.sec.gov/files/company_tickers_exchange.json,apps/supply-chain/domestic.json
919,0000860413,FIBK,FIRST INTERSTATE BANCSYSTEM INC,NASDAQ,,,US,,2026-10-04,sec_filer_category_proxy,Large accelerated filer,2026-02-26,https://www.sec.gov/files/company_tickers_exchange.json,apps/supply-chain/domestic.json
920,0001635327,FLUT,Flutter Entertainment plc,NYSE,,,Ireland,,2026-10-04,sec_filer_category_proxy,Large accelerated filer,2026-02-26,https://www.sec.gov/files/company_tickers_exchange.json,apps/supply-chain/domestic.json
921,0001544522,FRSH,Freshworks Inc.,NASDAQ,,,US,,2026-10-04,sec_filer_category_proxy,Large accelerated filer,2026-02-26,https://www.sec.gov/files/company_tickers_exchange.json,apps/supply-chain/domestic.json
922,0001727263,FTDR,"Frontdoor, Inc.",NASDAQ,,,US,,2026-10-04,sec_filer_category_proxy,Large accelerated filer,2026-02-26,https://www.sec.gov/files/company_tickers_exchange.json,apps/supply-chain/domestic.json
923,0000887936,FCN,"FTI CONSULTING, INC",NYSE,,,US,,2026-10-04,sec_filer_category_proxy,Large accelerated filer,2026-02-26,https://www.sec.gov/files/company_tickers_exchange.json,apps/supply-chain/domestic.json
924,0001398659,G,Genpact LTD,NYSE,,,Bermuda,,2026-10-04,sec_filer_category_proxy,Large accelerated filer,2026-02-26,https://www.sec.gov/files/company_tickers_exchange.json,apps/supply-chain/domestic.json
925,0000912562,ROCK,"GIBRALTAR INDUSTRIES, INC.",NASDAQ,,,US,,2026-10-04,sec_filer_category_proxy,Large accelerated filer,2026-02-26,https://www.sec.gov/files/company_tickers_exchange.json,apps/supply-chain/domestic.json
926,0000766829,HTO,H2O AMERICA,NASDAQ,,,US,,2026-10-04,sec_filer_category_proxy,Large accelerated filer,2026-02-26,https://www.sec.gov/files/company_tickers_exchange.json,apps/supply-chain/domestic.json
927,0000793952,HOG,"HARLEY-DAVIDSON, INC.",NYSE,,,US,,2026-10-04,sec_filer_category_proxy,Large accelerated filer,2026-02-26,https://www.sec.gov/files/company_tickers_exchange.json,apps/supply-chain/domestic.json
928,0001400810,HCI,"HCI Group, Inc.",NYSE,,,US,,2026-10-04,sec_filer_category_proxy,Large accelerated filer,2026-02-26,https://www.sec.gov/files/company_tickers_exchange.json,apps/supply-chain/domestic.json
929,0001657853,HTZ,"HERTZ GLOBAL HOLDINGS, INC",NASDAQ,,,US,,2026-10-04,sec_filer_category_proxy,Large accelerated filer,2026-02-26,https://www.sec.gov/files/company_tickers_exchange.json,apps/supply-chain/domestic.json
930,0001674168,HGV,Hilton Grand Vacations Inc.,NYSE,,,US,,2026-10-04,sec_filer_category_proxy,Large accelerated filer,2026-02-26,https://www.sec.gov/files/company_tickers_exchange.json,apps/supply-chain/domestic.json
931,0000866829,HOS,"HORNBECK OFFSHORE SERVICES, INC.",NYSE,,,US,,2026-10-04,sec_filer_category_proxy,Large accelerated filer,2026-02-26,https://www.sec.gov/files/company_tickers_exchange.json,apps/supply-chain/domestic.json
932,0001538379,IBTA,"Ibotta, Inc.",NYSE,,,US,,2026-10-04,sec_filer_category_proxy,Large accelerated filer,2026-02-26,https://www.sec.gov/files/company_tickers_exchange.json,apps/supply-chain/domestic.json
933,0000813762,IEP,ICAHN ENTERPRISES L.P.,NASDAQ,,,US,,2026-10-04,sec_filer_category_proxy,Large accelerated filer,2026-02-26,https://www.sec.gov/files/company_tickers_exchange.json,apps/supply-chain/domestic.json
934,0001625297,INDV,"Indivior Pharmaceuticals, Inc.",NASDAQ,,,US,,2026-10-04,sec_filer_category_proxy,Large accelerated filer,2026-02-26,https://www.sec.gov/files/company_tickers_exchange.json,apps/supply-chain/domestic.json
935,0001653477,NGVT,Ingevity Corp,NYSE,,,US,,2026-10-04,sec_filer_category_proxy,Large accelerated filer,2026-02-26,https://www.sec.gov/files/company_tickers_exchange.json,apps/supply-chain/domestic.json
936,0001580905,IBP,"Installed Building Products, Inc.",NYSE,,,US,,2026-10-04,sec_filer_category_proxy,Large accelerated filer,2026-02-26,https://www.sec.gov/files/company_tickers_exchange.json,apps/supply-chain/domestic.json
937,0000917520,IART,INTEGRA LIFESCIENCES HOLDINGS CORP,NASDAQ,,,US,,2026-10-04,sec_filer_category_proxy,Large accelerated filer,2026-02-26,https://www.sec.gov/files/company_tickers_exchange.json,apps/supply-chain/domestic.json
938,0001652130,NTLA,"Intellia Therapeutics, Inc.",NASDAQ,,,US,,2026-10-04,sec_filer_category_proxy,Large accelerated filer,2026-02-26,https://www.sec.gov/files/company_tickers_exchange.json,apps/supply-chain/domestic.json
939,0000315709,IBOC,INTERNATIONAL BANCSHARES CORP,NASDAQ,,,US,,2026-10-04,sec_filer_category_proxy,Large accelerated filer,2026-02-26,https://www.sec.gov/files/company_tickers_exchange.json,apps/supply-chain/domestic.json
940,0001679049,INSW,"International Seaways, Inc.",NYSE,,,Marshall Islands,,2026-10-04,sec_filer_category_proxy,Large accelerated filer,2026-02-26,https://www.sec.gov/files/company_tickers_exchange.json,apps/supply-chain/domestic.json
941,0000874015,IONS,IONIS PHARMACEUTICALS INC,NASDAQ,,,US,,2026-10-04,sec_filer_category_proxy,Large accelerated filer,2026-02-26,https://www.sec.gov/files/company_tickers_exchange.json,apps/supply-chain/domestic.json
942,0001817713,JANX,"Janux Therapeutics, Inc.",NASDAQ,,,US,,2026-10-04,sec_filer_category_proxy,Large accelerated filer,2026-02-26,https://www.sec.gov/files/company_tickers_exchange.json,apps/supply-chain/domestic.json
943,0001357615,KBR,"KBR, INC.",NYSE,,,US,,2026-10-04,sec_filer_category_proxy,Large accelerated filer,2026-02-26,https://www.sec.gov/files/company_tickers_exchange.json,apps/supply-chain/domestic.json
944,0001657788,KRP,"Kimbell Royalty Partners, LP",NYSE,,,US,,2026-10-04,sec_filer_category_proxy,Large accelerated filer,2026-02-26,https://www.sec.gov/files/company_tickers_exchange.json,apps/supply-chain/domestic.json
945,0001692787,KNTK,Kinetik Holdings Inc.,NYSE,,,US,,2026-10-04,sec_filer_category_proxy,Large accelerated filer,2026-02-26,https://www.sec.gov/files/company_tickers_exchange.json,apps/supply-chain/domestic.json
946,0001767042,KGS,"Kodiak Gas Services, Inc.",NYSE,,,US,,2026-10-04,sec_filer_category_proxy,Large accelerated filer,2026-02-26,https://www.sec.gov/files/company_tickers_exchange.json,apps/supply-chain/domestic.json
947,0001315257,KOP,Koppers Holdings Inc.,NYSE,,,US,,2026-10-04,sec_filer_category_proxy,Large accelerated filer,2026-02-26,https://www.sec.gov/files/company_tickers_exchange.json,apps/supply-chain/domestic.json
948,0001815442,KYMR,"Kymera Therapeutics, Inc.",NASDAQ,,,US,,2026-10-04,sec_filer_category_proxy,Large accelerated filer,2026-02-26,https://www.sec.gov/files/company_tickers_exchange.json,apps/supply-chain/domestic.json
949,0001995807,LB,LandBridge Co LLC,NYSE,,,US,,2026-10-04,sec_filer_category_proxy,Large accelerated filer,2026-02-26,https://www.sec.gov/files/company_tickers_exchange.json,apps/supply-chain/domestic.json
950,0001521036,LNTH,"Lantheus Holdings, Inc.",NASDAQ,,,US,,2026-10-04,sec_filer_category_proxy,Large accelerated filer,2026-02-26,https://www.sec.gov/files/company_tickers_exchange.json,apps/supply-chain/domestic.json
951,0000763744,LCII,LCI INDUSTRIES,NYSE,,,US,,2026-10-04,sec_filer_category_proxy,Large accelerated filer,2026-02-26,https://www.sec.gov/files/company_tickers_exchange.json,apps/supply-chain/domestic.json
952,0000058492,LEG,LEGGETT & PLATT INC,NYSE,,,US,,2026-10-04,sec_filer_category_proxy,Large accelerated filer,2026-02-26,https://www.sec.gov/files/company_tickers_exchange.json,apps/supply-chain/domestic.json
953,0001158895,LMAT,LEMAITRE VASCULAR INC,NASDAQ,,,US,,2026-10-04,sec_filer_category_proxy,Large accelerated filer,2026-02-26,https://www.sec.gov/files/company_tickers_exchange.json,apps/supply-chain/domestic.json
954,0001560385,FWONA,Liberty Media Corp,NASDAQ,,,US,,2026-10-04,sec_filer_category_proxy,Large accelerated filer,2026-02-26,https://www.sec.gov/files/company_tickers_exchange.json,apps/supply-chain/domestic.json
955,0000899460,MNKD,MANNKIND CORP,NASDAQ,,,US,,2026-10-04,sec_filer_category_proxy,Large accelerated filer,2026-02-26,https://www.sec.gov/files/company_tickers_exchange.json,apps/supply-chain/domestic.json
956,0001579091,CART,Maplebear Inc.,NASDAQ,,,US,,2026-10-04,sec_filer_category_proxy,Large accelerated filer,2026-02-26,https://www.sec.gov/files/company_tickers_exchange.json,apps/supply-chain/domestic.json
957,0001578732,MMI,"Marcus & Millichap, Inc.",NYSE,,,US,,2026-10-04,sec_filer_category_proxy,Large accelerated filer,2026-02-26,https://www.sec.gov/files/company_tickers_exchange.json,apps/supply-chain/domestic.json
958,0001096343,MKL,MARKEL GROUP INC.,NYSE,,,US,,2026-10-04,sec_filer_category_proxy,Large accelerated filer,2026-02-26,https://www.sec.gov/files/company_tickers_exchange.json,apps/supply-chain/domestic.json
959,0000015615,MTZ,MASTEC INC,NYSE,,,US,,2026-10-04,sec_filer_category_proxy,Large accelerated filer,2026-02-26,https://www.sec.gov/files/company_tickers_exchange.json,apps/supply-chain/domestic.json
960,0001520006,MTDR,Matador Resources Co,NYSE,,,US,,2026-10-04,sec_filer_category_proxy,Large accelerated filer,2026-02-26,https://www.sec.gov/files/company_tickers_exchange.json,apps/supply-chain/domestic.json
961,0000891103,MTCH,"Match Group, Inc.",NASDAQ,,,US,,2026-10-04,sec_filer_category_proxy,Large accelerated filer,2026-02-26,https://www.sec.gov/files/company_tickers_exchange.json,apps/supply-chain/domestic.json
962,0001287865,MPT,MEDICAL PROPERTIES TRUST INC,NYSE,,,US,,2026-10-04,sec_filer_category_proxy,Large accelerated filer,2026-02-26,https://www.sec.gov/files/company_tickers_exchange.json,apps/supply-chain/domestic.json
963,0001596967,MC,Moelis & Co,NYSE,,,US,,2026-10-04,sec_filer_category_proxy,Large accelerated filer,2026-02-26,https://www.sec.gov/files/company_tickers_exchange.json,apps/supply-chain/domestic.json
964,0001801368,MP,MP Materials Corp. / DE,NYSE,,,US,,2026-10-04,sec_filer_category_proxy,Large accelerated filer,2026-02-26,https://www.sec.gov/files/company_tickers_exchange.json,apps/supply-chain/domestic.json
965,0001552000,MPLX,MPLX LP,NYSE,,,US,,2026-10-04,sec_filer_category_proxy,Large accelerated filer,2026-02-26,https://www.sec.gov/files/company_tickers_exchange.json,apps/supply-chain/domestic.json
966,0000877860,NHI,NATIONAL HEALTH INVESTORS INC,NYSE,,,US,,2026-10-04,sec_filer_category_proxy,Large accelerated filer,2026-02-26,https://www.sec.gov/files/company_tickers_exchange.json,apps/supply-chain/domestic.json
967,0001047335,NHC,NATIONAL HEALTHCARE CORP,NYSE,,,US,,2026-10-04,sec_filer_category_proxy,Large accelerated filer,2026-02-26,https://www.sec.gov/files/company_tickers_exchange.json,apps/supply-chain/domestic.json
968,0001593538,JSM,NAVIENT CORP,NASDAQ,,,US,,2026-10-04,sec_filer_category_proxy,Large accelerated filer,2026-02-26,https://www.sec.gov/files/company_tickers_exchange.json,apps/supply-chain/domestic.json
969,0000070866,VYX,NCR Voyix Corp,NYSE,,,US,,2026-10-04,sec_filer_category_proxy,Large accelerated filer,2026-02-26,https://www.sec.gov/files/company_tickers_exchange.json,apps/supply-chain/domestic.json
970,0001258602,NNI,NELNET INC,NYSE,,,US,,2026-10-04,sec_filer_category_proxy,Large accelerated filer,2026-02-26,https://www.sec.gov/files/company_tickers_exchange.json,apps/supply-chain/domestic.json
971,0001620393,NXRT,"NexPoint Residential Trust, Inc.",NYSE,,,US,,2026-10-04,sec_filer_category_proxy,Large accelerated filer,2026-02-26,https://www.sec.gov/files/company_tickers_exchange.json,apps/supply-chain/domestic.json
972,0001104485,NOG,"NORTHERN OIL & GAS, INC.",NYSE,,,US,,2026-10-04,sec_filer_category_proxy,Large accelerated filer,2026-02-26,https://www.sec.gov/files/company_tickers_exchange.json,apps/supply-chain/domestic.json
973,0001000694,NVAX,NOVAVAX INC,NASDAQ,,,US,,2026-10-04,sec_filer_category_proxy,Large accelerated filer,2026-02-26,https://www.sec.gov/files/company_tickers_exchange.json,apps/supply-chain/domestic.json
974,0001645113,NVCR,NovoCure Ltd,NASDAQ,,,Jersey,,2026-10-04,sec_filer_category_proxy,Large accelerated filer,2026-02-26,https://www.sec.gov/files/company_tickers_exchange.json,apps/supply-chain/domestic.json
975,0001822966,SMR,NUSCALE POWER Corp,NYSE,,,US,,2026-10-04,sec_filer_category_proxy,Large accelerated filer,2026-02-26,https://www.sec.gov/files/company_tickers_exchange.json,apps/supply-chain/domestic.json
976,0000074260,ORI,OLD REPUBLIC INTERNATIONAL CORP,NYSE,,,US,,2026-10-04,sec_filer_category_proxy,Large accelerated filer,2026-02-26,https://www.sec.gov/files/company_tickers_exchange.json,apps/supply-chain/domestic.json
977,0000357173,OSBC,OLD SECOND BANCORP INC,NASDAQ,,,US,,2026-10-04,sec_filer_category_proxy,Large accelerated filer,2026-02-26,https://www.sec.gov/files/company_tickers_exchange.json,apps/supply-chain/domestic.json
978,0000926326,OMCL,"OMNICELL, INC.",NASDAQ,,,US,,2026-10-04,sec_filer_category_proxy,Large accelerated filer,2026-02-26,https://www.sec.gov/files/company_tickers_exchange.json,apps/supply-chain/domestic.json
979,0001643615,ONT,"Onterris, Inc.",NYSE,,,US,,2026-10-04,sec_filer_category_proxy,Large accelerated filer,2026-02-26,https://www.sec.gov/files/company_tickers_exchange.json,apps/supply-chain/domestic.json
980,0000944809,OPK,"OPKO HEALTH, INC.",NASDAQ,,,US,,2026-10-04,sec_filer_category_proxy,Large accelerated filer,2026-02-26,https://www.sec.gov/files/company_tickers_exchange.json,apps/supply-chain/domestic.json
981,0001296445,ORA,"ORMAT TECHNOLOGIES, INC.",NYSE,,,US,,2026-10-04,sec_filer_category_proxy,Large accelerated filer,2026-02-26,https://www.sec.gov/files/company_tickers_exchange.json,apps/supply-chain/domestic.json
982,0001579877,OUT,OUTFRONT Media Inc.,NYSE,,,US,,2026-10-04,sec_filer_category_proxy,Large accelerated filer,2026-02-26,https://www.sec.gov/files/company_tickers_exchange.json,apps/supply-chain/domestic.json
983,0001396814,PCRX,"Pacira BioSciences, Inc.",NASDAQ,,,US,,2026-10-04,sec_filer_category_proxy,Large accelerated filer,2026-02-26,https://www.sec.gov/files/company_tickers_exchange.json,apps/supply-chain/domestic.json
984,0000901491,PZZA,PAPA JOHNS INTERNATIONAL INC,NASDAQ,,,US,,2026-10-04,sec_filer_category_proxy,Large accelerated filer,2026-02-26,https://www.sec.gov/files/company_tickers_exchange.json,apps/supply-chain/domestic.json
985,0000708821,PAR,PAR TECHNOLOGY CORP,NYSE,,,US,,2026-10-04,sec_filer_category_proxy,Large accelerated filer,2026-02-26,https://www.sec.gov/files/company_tickers_exchange.json,apps/supply-chain/domestic.json
986,0001845815,PAYO,Payoneer Global Inc.,NASDAQ,,,US,,2026-10-04,sec_filer_category_proxy,Large accelerated filer,2026-02-26,https://www.sec.gov/files/company_tickers_exchange.json,apps/supply-chain/domestic.json
987,0000921738,PENN,"PENN Entertainment, Inc.",NASDAQ,,,US,,2026-10-04,sec_filer_category_proxy,Large accelerated filer,2026-02-26,https://www.sec.gov/files/company_tickers_exchange.json,apps/supply-chain/domestic.json
988,0001766400,PNTG,"Pennant Group, Inc.",NASDAQ,,,US,,2026-10-04,sec_filer_category_proxy,Large accelerated filer,2026-02-26,https://www.sec.gov/files/company_tickers_exchange.json,apps/supply-chain/domestic.json
989,0000318300,PEBO,PEOPLES BANCORP INC,NASDAQ,,,US,,2026-10-04,sec_filer_category_proxy,Large accelerated filer,2026-02-26,https://www.sec.gov/files/company_tickers_exchange.json,apps/supply-chain/domestic.json
990,0001880319,PRM,"Perimeter Solutions, Inc.",NYSE,,,US,,2026-10-04,sec_filer_category_proxy,Large accelerated filer,2026-02-26,https://www.sec.gov/files/company_tickers_exchange.json,apps/supply-chain/domestic.json
991,0001658566,PR,Permian Resources Corp,NYSE,,,US,,2026-10-04,sec_filer_category_proxy,Large accelerated filer,2026-02-26,https://www.sec.gov/files/company_tickers_exchange.json,apps/supply-chain/domestic.json
992,0001585364,PRGO,PERRIGO Co plc,NYSE,,,Ireland,,2026-10-04,sec_filer_category_proxy,Large accelerated filer,2026-02-26,https://www.sec.gov/files/company_tickers_exchange.json,apps/supply-chain/domestic.json
993,0001230245,PIPR,PIPER SANDLER COMPANIES,NYSE,,,US,,2026-10-04,sec_filer_category_proxy,Large accelerated filer,2026-02-26,https://www.sec.gov/files/company_tickers_exchange.json,apps/supply-chain/domestic.json
994,0001626115,PJT,PJT Partners Inc.,NYSE,,,US,,2026-10-04,sec_filer_category_proxy,Large accelerated filer,2026-02-26,https://www.sec.gov/files/company_tickers_exchange.json,apps/supply-chain/domestic.json
995,0000945841,POOL,POOL CORP,NASDAQ,,,US,,2026-10-04,sec_filer_category_proxy,Large accelerated filer,2026-02-26,https://www.sec.gov/files/company_tickers_exchange.json,apps/supply-chain/domestic.json
996,0001588978,PRCT,PROCEPT BioRobotics Corp,NASDAQ,,,US,,2026-10-04,sec_filer_category_proxy,Large accelerated filer,2026-02-26,https://www.sec.gov/files/company_tickers_exchange.json,apps/supply-chain/domestic.json
997,0001415311,AGQ,ProShares Trust II,NYSE,,,US,,2026-10-04,sec_filer_category_proxy,Large accelerated filer,2026-02-26,https://www.sec.gov/files/company_tickers_exchange.json,apps/supply-chain/domestic.json
998,0001068851,PB,PROSPERITY BANCSHARES INC,NYSE,,,US,,2026-10-04,sec_filer_category_proxy,Large accelerated filer,2026-02-26,https://www.sec.gov/files/company_tickers_exchange.json,apps/supply-chain/domestic.json
999,0001830033,PCT,"PureCycle Technologies, Inc.",NASDAQ,,,United States,,2026-10-04,sec_filer_category_proxy,Large accelerated filer,2026-02-26,https://www.sec.gov/files/company_tickers_exchange.json,apps/supply-chain/domestic.json
1000,0001812364,RLAY,"Relay Therapeutics, Inc.",NASDAQ,,,US,,2026-10-04,sec_filer_category_proxy,Large accelerated filer,2026-02-26,https://www.sec.gov/files/company_tickers_exchange.json,apps/supply-chain/domestic.json
